CREATE TABLE `ambiente` (
  `cod_ambiente` int(10) unsigned NOT NULL,
  `versao` varchar(10) NOT NULL,
  PRIMARY KEY  (`cod_ambiente`)
) ENGINE=InnoDB DEFAULT CHARSET=latin1;

CREATE TABLE `assina_confere_bi` (
  `codigo` int(10) unsigned NOT NULL,
  `pgrad_confere` int(11) NOT NULL,
  `pgrad_assina` int(11) NOT NULL,
  `militar_confere` varchar(12) NOT NULL,
  `militar_assina` varchar(12) NOT NULL,
  `funcao_confere` int(10) unsigned NOT NULL,
  `funcao_assina` int(10) unsigned NOT NULL,
  PRIMARY KEY  (`codigo`),
  KEY `funcao_assina` (`funcao_assina`),
  KEY `funcao_confere` (`funcao_confere`),
  KEY `militar_assina` (`militar_assina`),
  KEY `militar_confere` (`militar_confere`),
  KEY `pgrad_assina` (`pgrad_assina`),
  KEY `pgrad_confere` (`pgrad_confere`)
) ENGINE=InnoDB DEFAULT CHARSET=latin1;

CREATE TABLE `assunto_espec` (
  `cod` int(10) unsigned NOT NULL auto_increment,
  `cod_assunto_ger` int(10) unsigned NOT NULL,
  `descricao` varchar(100) default NULL,
  `vai_indice` char(1) default NULL,
  `texto_pad_abert` blob,
  `texto_pad_fech` blob,
  `data_atualiz` timestamp NULL default NULL,
  `vai_altr` char(1) default NULL,
  PRIMARY KEY  (`cod`,`cod_assunto_ger`),
  KEY `cod_assunto_ger` (`cod_assunto_ger`)
) ENGINE=InnoDB DEFAULT CHARSET=latin1 AUTO_INCREMENT=1 ;

CREATE TABLE `assunto_geral` (
  `cod_assunto` int(10) unsigned NOT NULL auto_increment,
  `numero_parte` int(10) unsigned NOT NULL,
  `numero_secao` int(10) unsigned NOT NULL,
  `descricao` varchar(100) default NULL,
  `data_atualiz` timestamp NULL default NULL,
  `ord_assunto_geral` int(11) default NULL,
  `cod_tipo_bol` int(10) default NULL,
  PRIMARY KEY  (`cod_assunto`),
  KEY `numero_secao` (`numero_secao`,`numero_parte`),
  KEY `cod_tipo_bol` (`cod_tipo_bol`)
) ENGINE=InnoDB DEFAULT CHARSET=latin1 AUTO_INCREMENT=5 ;

INSERT INTO `assunto_geral` (`cod_assunto`, `numero_parte`, `numero_secao`, `descricao`, `data_atualiz`, `ord_assunto_geral`, `cod_tipo_bol`) VALUES 
(1, 1, 1, 'ESCALA DE SERVIÇO', NULL, NULL, 1),
(2, 2, 1, 'UNIFORME', NULL, NULL, 1),
(3, 3, 1, 'ALTERAÇÕES DE OFICIAS', NULL, NULL, 1),
(4, 3, 1, 'ALTERAÇÕES DE PRAÇAS', NULL, NULL, 1);

CREATE TABLE `boletim` (
  `cod` int(10) unsigned NOT NULL auto_increment,
  `assina_confere_bi` int(10) unsigned NOT NULL,
  `tipo_bol_cod` int(10) unsigned NOT NULL,
  `data_pub` date NOT NULL,
  `pag_inicial` int(11) NOT NULL,
  `pag_final` int(11) NOT NULL,
  `assinado` char(1) default NULL,
  `aprovado` char(1) default NULL,
  `numero_bi` int(10) unsigned default NULL,
  `data_atualiz` timestamp NULL default NULL,
  `bi_ref` varchar(40) default NULL,
  PRIMARY KEY  (`cod`),
  KEY `tipo_bol_cod` (`tipo_bol_cod`),
  KEY `assina_confere_bi` (`assina_confere_bi`)
) ENGINE=InnoDB DEFAULT CHARSET=latin1 AUTO_INCREMENT=1 ;

CREATE TABLE `civil` (
  `id_militar` varchar(12) NOT NULL,
  PRIMARY KEY  (`id_militar`)
) ENGINE=InnoDB DEFAULT CHARSET=latin1;

CREATE TABLE `configuracoes` (
  `aprov_nota1` char(1) NOT NULL default 'S',
  `aprov_nota2` char(1) NOT NULL default 'S',
  `aprov_boletim` char(1) NOT NULL default 'S',
  `imprime_nomes_linha` char(1) NOT NULL default 'S',
  `imprime_assinatura` char(1) NOT NULL default 'N',
  `data_atualiz` datetime NOT NULL,
  `imprime_qms` varchar(2) NULL
) ENGINE=InnoDB DEFAULT CHARSET=latin1;

INSERT INTO `configuracoes` (`aprov_nota1`, `aprov_nota2`, `aprov_boletim`, `imprime_nomes_linha`, `imprime_assinatura`, `data_atualiz`, `imprime_qms`) VALUES 
('S', 'S', 'S', 'S', 'N', '2010-12-27 10:30:04', 'N');

CREATE TABLE `funcao` (
  `cod` int(10) unsigned NOT NULL auto_increment,
  `descricao` varchar(100) default NULL,
  `assina_bi` char(1) default 'n',
  `data_atualiz` timestamp NULL default NULL,
  `assina_confere` char(1) NOT NULL,
  `assina_alt` char(1) NOT NULL,
  `assina_nota` char(1) NOT NULL,
  `assina_publiquese` char(1) NOT NULL,
  PRIMARY KEY  (`cod`)
) ENGINE=InnoDB DEFAULT CHARSET=latin1 AUTO_INCREMENT=2 ;

INSERT INTO `funcao` (`cod`, `descricao`, `assina_bi`, `data_atualiz`, `assina_confere`, `assina_alt`, `assina_nota`, `assina_publiquese`) VALUES 
(1, 'Comum', 'N', NULL, 'N', 'N', '', '');

CREATE TABLE `funcoesdosistema` (
  `codigofuncao` int(10) unsigned NOT NULL auto_increment,
  `descricao` varchar(100) NOT NULL,
  `assoc_tipobol` varchar(1) NOT NULL,
  `data_atualiz` timestamp NULL default NULL,
  `ativado` char(1) default NULL,
  PRIMARY KEY  (`codigofuncao`)
) ENGINE=InnoDB DEFAULT CHARSET=latin1 AUTO_INCREMENT=3033 ;

INSERT INTO `funcoesdosistema` (`codigofuncao`, `descricao`, `assoc_tipobol`, `data_atualiz`, `ativado`) VALUES 
(1001, 'Incluir Posto/Graduação', 'N', '2008-02-13 09:29:01', 'S'),
(1002, 'Alterar Posto/Graduação', 'N', '2008-02-13 09:29:01', 'S'),
(1003, 'Excluir Posto/Graduação', 'N', '2008-02-13 09:29:01', 'S'),
(1004, 'Consultar Posto/Graduação', 'N', '2008-02-13 09:29:01', 'S'),
(1011, 'Incluir Função do Militar', 'N', '2008-02-13 09:29:01', 'S'),
(1012, 'Alterar Função do Militar', 'N', '2008-02-13 09:29:01', 'S'),
(1013, 'Excluir Função do Militar', 'N', '2008-02-13 09:29:01', 'S'),
(1014, 'Consultar Função do Militar', 'N', '2008-02-13 09:29:01', 'S'),
(1021, 'Incluir QM', 'N', '2008-02-13 09:29:01', 'S'),
(1022, 'Alterar QM', 'N', '2008-02-13 09:29:01', 'S'),
(1023, 'Excluir QM', 'N', '2008-02-13 09:29:01', 'S'),
(1024, 'Consultar QM', 'N', '2008-02-13 09:29:01', 'S'),
(1031, 'Incluir Militar', 'N', '2008-02-13 09:29:01', 'S'),
(1032, 'Alterar Militar', 'N', '2008-02-13 09:29:01', 'S'),
(1033, 'Excluir Militar', 'N', '2008-02-13 09:29:01', 'S'),
(1034, 'Consultar Militar', 'N', '2008-02-13 09:29:01', 'S'),
(1041, 'Incluir OM Vinculaçao', 'N', '2008-02-13 09:29:01', 'S'),
(1042, 'Alterar OM Vinculação', 'N', '2008-02-13 09:29:01', 'S'),
(1043, 'Excluir OM Vinculação', 'N', '2008-02-13 09:29:01', 'S'),
(1044, 'Consultar OM Vinculação', 'N', '2008-02-13 09:29:01', 'S'),
(1046, 'Incluir Subunidade/Divisão', 'N', '2010-02-04 17:39:10', 'S'),
(1047, 'Alterar Subunidade/Divisão', 'N', '2010-02-04 17:39:10', 'S'),
(1048, 'Excluir Subunidade/Divisão', 'N', '2010-02-04 17:39:10', 'S'),
(1049, 'Consultar Subunidade/Divisão', 'N', '2010-02-04 17:39:10', 'S'),
(1051, 'Incluir Tipo de Boletim', 'N', '2008-02-13 09:29:01', 'S'),
(1052, 'Alterar Tipo de Boletim', 'N', '2008-02-13 09:29:01', 'S'),
(1053, 'Excluir Tipo de Boletim', 'N', '2008-02-13 09:29:01', 'S'),
(1054, 'Consultar Tipo de Boletim', 'N', '2008-02-13 09:29:01', 'S'),
(1061, 'Incluir OM', 'N', '2008-02-13 09:29:01', 'S'),
(1062, 'Alterar OM', 'N', '2008-02-13 09:29:01', 'S'),
(1063, 'Excluir OM', 'N', '2008-02-13 09:29:01', 'S'),
(1064, 'Consultar OM', 'N', '2008-02-13 09:29:01', 'S'),
(1071, 'Incluir Tipo de Documento', 'N', '2008-02-13 09:29:01', 'S'),
(1072, 'Alterar Tipo de Documento', 'N', '2008-02-13 09:29:01', 'S'),
(1073, 'Excluir Tipo de Documento', 'N', '2008-02-13 09:29:01', 'S'),
(1074, 'Consultar Tipo de Documento', 'N', '2008-02-13 09:29:01', 'S'),
(1081, 'Incluir Partes do Boletim', 'N', '2008-02-13 09:29:01', 'S'),
(1082, 'Alterar Partes do Boletim', 'N', '2008-02-13 09:29:01', 'S'),
(1083, 'Excluir Partes do Boletim', 'N', '2008-02-13 09:29:01', 'S'),
(1084, 'Consultar Partes do Boletim', 'N', '2008-02-13 09:29:01', 'S'),
(1091, 'Incluir Seção do Boletim', 'N', '2008-02-13 09:29:01', 'S'),
(1092, 'Alterar Seção do Boletim', 'N', '2008-02-13 09:29:01', 'S'),
(1093, 'Excluir Seção do Boletim', 'N', '2008-02-13 09:29:01', 'S'),
(1094, 'Consultar seção do Boletim', 'N', '2008-02-13 09:29:01', 'S'),
(1101, 'Incluir Assunto Geral', 'S', '2010-02-04 17:39:08', 'S'),
(1102, 'Alterar Assunto geral', 'S', '2010-02-04 17:39:08', 'S'),
(1103, 'Excluir Assunto Geral', 'S', '2010-02-04 17:39:08', 'S'),
(1104, 'Consultar Assunto Geral', 'S', '2010-02-04 17:39:08', 'S'),
(1111, 'Incluir Assunto Espec', 'S', '2010-02-04 17:39:08', 'S'),
(1112, 'Alterar Assunto Espec', 'S', '2010-02-04 17:39:08', 'S'),
(1113, 'Excluir Assunto Espec', 'S', '2010-02-04 17:39:08', 'S'),
(1114, 'Consultar Assunto Espec', 'S', '2010-02-04 17:39:08', 'S'),
(1121, 'Incluir Tempo de Serv', 'N', '2008-02-13 09:29:02', 'S'),
(1122, 'Alterar Tempo de Serv', 'N', '2008-02-13 09:29:02', 'S'),
(1123, 'Excluir Tempo de Serv', 'N', '2008-02-13 09:29:02', 'S'),
(1124, 'Consultar Tempo de Serv', 'N', '2008-02-13 09:29:02', 'S'),
(1131, 'Aprovar Alterações', 'N', '2010-02-04 17:39:11', 'S'),
(1133, 'Gerar Alterações', 'N', '2008-02-13 09:29:02', 'S'),
(1134, 'Gerar Ficha de Identificação', 'N', '2008-02-13 09:29:02', 'S'),
(1135, 'Baixar Alterações Geradas', 'N', '2008-02-13 09:29:02', 'S'),
(1141, 'Gerar Backup', 'N', '2008-02-13 09:29:02', 'S'),
(1142, 'Restaurar/Apagar Backup', 'N', '2008-02-13 09:29:02', 'S'),
(1143, 'Encerrar Ano', 'N', '2008-02-13 09:29:02', 'S'),
(1144, 'desativada', 'N', '2008-02-13 09:29:02', 'N'),
(1151, 'Incluir Usuário', 'N', '2008-02-13 09:29:02', 'S'),
(1152, 'Alterar Usuário', 'N', '2008-02-13 09:29:02', 'S'),
(1153, 'Excluir Usuário', 'N', '2008-02-13 09:29:02', 'S'),
(1154, 'Consultar Usuário', 'N', '2008-02-13 09:29:02', 'S'),
(1161, 'desativada', 'N', '2008-02-13 09:29:02', 'N'),
(1163, 'desativada', 'N', '2008-02-13 09:29:02', 'N'),
(1164, 'Perfil do Usuário - Tipo Boletim', 'N', '2008-02-13 09:29:02', 'S'),
(1181, 'desativada', 'N', '2008-02-13 09:29:02', 'N'),
(1183, 'desativada', 'N', '2008-02-13 09:29:02', 'N'),
(1184, 'Desativada', 'N', '2008-02-13 09:29:02', 'N'),
(1194, 'Importa a Tabela Militar do ME1', 'N', '2008-02-13 09:29:02', 'S'),
(1195, 'Configurações', 'N', '2010-12-27 10:16:00', 'S'),
(2001, 'Incluir Nota para Boletim', 'S', '2010-02-04 17:39:10', 'S'),
(2002, 'Alterar Nota para Boletim', 'S', '2010-02-04 17:39:10', 'S'),
(2003, 'Excluir Nota para Boletim', 'S', '2010-02-04 17:39:10', 'S'),
(2004, 'Consultar Nota para Boletim', 'S', '2010-02-04 17:39:10', 'S'),
(2011, 'Aprovar Nota para Boletim (SU/Div/Sec)', 'S', '2010-02-04 17:39:10', 'S'),
(2012, 'desativada', 'S', '2008-02-13 09:29:02', 'N'),
(2013, 'Aprovar Nota para Boletim (Cmt/Ch/Dir)', 'S', '2010-02-04 17:39:10', 'S'),
(2021, 'Adicionar Nota p/ BI a um Boletim em Ela', 'S', '2010-02-04 17:39:11', 'S'),
(2022, 'Retirar Nota p/ BI de um Boletim em Elab', 'S', '2010-02-04 17:39:11', 'S'),
(3001, 'Incluir boletim', 'S', '2008-02-13 09:29:02', 'S'),
(3002, 'Alterar boletim', 'S', '2008-02-13 09:29:02', 'S'),
(3003, 'Excluir boletim', 'S', '2008-02-13 09:29:02', 'S'),
(3004, 'Consultar boletim', 'S', '2008-02-13 09:29:02', 'S'),
(3011, 'Aprovar boletim', 'S', '2008-02-13 09:29:02', 'S'),
(3021, 'Assinar boletim', 'S', '2008-02-13 09:29:02', 'S'),
(3022, 'Cancelar assinatura de boletim', 'S', '2008-02-13 09:29:02', 'S'),
(3023, 'Ordenar matérias', 'S', NULL, 'S'),
(3030, 'Baixar Boletim Gerado', 'S', NULL, 'S'),
(3031, 'Regerar Boletim', 'S', '2008-02-13 09:29:02', 'S'),
(3032, 'Gerar Indice', 'S', '2008-02-13 09:29:02', 'S'),
(3033, 'Publicar Boletim sem Assinatura do Cmt/Ch/Dir', 'S', '2013-06-10 12:00:00', 'S');

CREATE TABLE `materia_bi` (
  `cod_materia_bi` int(10) unsigned NOT NULL,
  `data_materia_bi` date NOT NULL,
  `id_militar_ass` varchar(12) NOT NULL,
  `cod_boletim` int(10) unsigned default NULL,
  `tipo_bol_cod` int(10) unsigned NOT NULL,
  `cod_assunto_esp` int(10) unsigned NOT NULL,
  `cod_tipo_doc` int(11) NOT NULL,
  `cod_assunto_ger` int(10) unsigned NOT NULL,
  `texto_abert` longblob,
  `texto_fech` longblob,
  `nr_documento` varchar(40) default NULL,
  `vai_altr` char(1) default NULL,
  `aprovada` char(1) default NULL,
  `descr_ass_esp` varchar(100) default NULL,
  `descr_ass_ger` varchar(100) default NULL,
  `data_atualiz` timestamp NULL default NULL,
  `data_doc` date default NULL,
  `pagina` int(10) unsigned NOT NULL,
  `ord_mat` int(11) default NULL,
  `usuario` varchar(10) default NULL,
  `codom` varchar(10) default NULL,
  `cod_subun` int(11) default NULL,
  `mostra_ref` char(1) default NULL,
  `texto_fech_vai_altr` char(1) default NULL,
  `texto_comentario` longblob,
  PRIMARY KEY  (`cod_materia_bi`),
  KEY `cod_tipo_doc` (`cod_tipo_doc`),
  KEY `cod_assunto_esp` (`cod_assunto_esp`,`cod_assunto_ger`),
  KEY `tipo_bol_cod` (`tipo_bol_cod`),
  KEY `cod_boletim` (`cod_boletim`)
) ENGINE=InnoDB DEFAULT CHARSET=latin1;

CREATE TABLE `militar` (
  `id_militar` varchar(12) NOT NULL,
  `qm_cod` varchar(4) NOT NULL,
  `pgrad_cod` int(11) NOT NULL,
  `cp` varchar(7) default NULL,
  `prec_cp` varchar(10) default NULL,
  `naturalidade` varchar(250) default NULL,
  `estado_civil` varchar(50) default NULL,
  `dt_identificacao` date default NULL,
  `bigode` varchar(30) default NULL,
  `outros` blob,
  `data_atualiz` timestamp NULL default NULL,
  `cutis` varchar(20) default NULL,
  `olhos` varchar(20) default NULL,
  `cabelos` varchar(20) default NULL,
  `barba` varchar(20) default NULL,
  `altura` varchar(20) default NULL,
  `sinais_part` varchar(40) default NULL,
  `tipo_sang` varchar(2) default NULL,
  `fator_rh` varchar(1) default NULL,
  `comportamento` int(10) unsigned NOT NULL,
  `antiguidade` int(10) NOT NULL,
  `idt_militar` varchar(12) default NULL,
  `assinatura` varchar(100) default NULL,
  PRIMARY KEY  (`id_militar`),
  UNIQUE KEY `idt_militar` (`idt_militar`),
  KEY `pgrad_cod` (`pgrad_cod`),
  KEY `qm_cod` (`qm_cod`)
) ENGINE=InnoDB DEFAULT CHARSET=latin1;

CREATE TABLE `om` (
  `cod` int(10) unsigned NOT NULL auto_increment,
  `codom` varchar(10) NOT NULL,
  `nome` varchar(80) NOT NULL,
  `sigla` varchar(30) NOT NULL,
  `desig_hist` varchar(70) default NULL,
  `loc` varchar(70) NOT NULL,
  `subd1` varchar(70) default NULL,
  `subd2` varchar(70) default NULL,
  `subd3` varchar(70) default NULL,
  `subd4` varchar(70) default NULL,
  `gu` varchar(40) NOT NULL,
  `data_atualiz` timestamp NULL default NULL,
  `ano_corrente` int(10) unsigned NOT NULL,
  `versao` varchar(10) default NULL,
  PRIMARY KEY  (`cod`)
) ENGINE=InnoDB DEFAULT CHARSET=latin1 AUTO_INCREMENT=2 ;

INSERT INTO `om` (`cod`, `codom`, `nome`, `sigla`, `desig_hist`, `loc`, `subd1`, `subd2`, `subd3`, `subd4`, `gu`, `data_atualiz`, `ano_corrente`, `versao`) VALUES 
(1, '00000', 'OM Não Cadastrada', 'Sigla', '', 'Localização', 'MINISTÉRIO DA DEFESA', 'EXÉRCITO BRASILEIRO', '', '', 'Guarnição..', '2011-06-09 11:15:15', 2013, '2.5');

CREATE TABLE `om_vinc` (
  `codom` varchar(10) NOT NULL,
  `gu` varchar(40) default NULL,
  `nome` varchar(80) default NULL,
  `sigla` varchar(30) default NULL,
  `data_atualiz` timestamp NULL default NULL,
  PRIMARY KEY  (`codom`)
) ENGINE=InnoDB DEFAULT CHARSET=latin1;

INSERT INTO `om_vinc` (`codom`, `gu`, `nome`, `sigla`, `data_atualiz`) VALUES 
('999999', 'Indefinida', 'Indefinida', 'Indef', '2010-02-04 17:39:12');

CREATE TABLE `parte_boletim` (
  `numero_parte` int(10) unsigned NOT NULL,
  `descricao` varchar(50) NOT NULL,
  `descr_reduz` varchar(10) NOT NULL,
  `data_atualiz` timestamp NULL default NULL,
  PRIMARY KEY  (`numero_parte`)
) ENGINE=InnoDB DEFAULT CHARSET=latin1;

INSERT INTO `parte_boletim` (`numero_parte`, `descricao`, `descr_reduz`, `data_atualiz`) VALUES 
(1, 'SERVIÇOS DIÁRIOS', '1ª Parte', '2007-04-10 14:34:46'),
(2, 'INSTRUÇÃO', '2ª Parte', '2007-04-13 12:04:41'),
(3, 'ASSUNTOS GERAIS E ADMINISTRATIVOS', '3ª Parte', NULL),
(4, 'JUSTIÇA E DISCIPLINA', '4ª Parte', NULL);

CREATE TABLE `pessoa` (
  `id_militar` varchar(12) NOT NULL,
  `codom` varchar(10) NOT NULL,
  `cod_subun` int(10) unsigned default NULL,
  `funcao_cod` int(10) unsigned NOT NULL,
  `nome` varchar(80) NOT NULL,
  `nome_guerra` varchar(30) NOT NULL,
  `data_nasc` date NOT NULL,
  `nome_pai` varchar(80) default NULL,
  `nome_mae` varchar(80) default NULL,
  `cpf` varchar(11) default NULL,
  `pis_pasep` varchar(20) default NULL,
  `data_atualiz` timestamp NULL default NULL,
  `sexo` varchar(1) default 'm',
  `perm_pub_bi` char(1) NOT NULL,
  PRIMARY KEY  (`id_militar`),
  KEY `funcao_cod` (`funcao_cod`),
  KEY `codom` (`codom`)
) ENGINE=InnoDB DEFAULT CHARSET=latin1;

CREATE TABLE `pessoa_materia_bi` (
  `cod_materia_bi` int(10) unsigned NOT NULL,
  `id_militar` varchar(12) NOT NULL,
  `texto_indiv` blob,
  `data_atualiz` timestamp NULL default NULL,
  PRIMARY KEY  (`cod_materia_bi`,`id_militar`),
  KEY `id_militar` (`id_militar`)
) ENGINE=InnoDB DEFAULT CHARSET=latin1;

CREATE TABLE `pgrad` (
  `cod` int(11) NOT NULL,
  `descricao` varchar(15) NOT NULL,
  `data_atualiz` timestamp NULL default NULL,
  PRIMARY KEY  (`cod`)
) ENGINE=InnoDB DEFAULT CHARSET=latin1;

INSERT INTO `pgrad` (`cod`, `descricao`, `data_atualiz`) VALUES 
(2, 'Gen Ex', '2009-01-08 10:54:59'),
(3, 'Gen Div', '2009-01-08 10:54:59'),
(4, 'Gen Bda', '2009-01-08 10:54:59'),
(11, 'Cel', '2009-01-08 10:54:59'),
(12, 'Ten Cel', '2009-01-08 10:54:59'),
(13, 'Maj', '2009-01-08 10:54:59'),
(15, 'Cap', '2009-01-08 10:54:59'),
(16, '1º Ten', '2009-01-08 10:54:59'),
(17, '2º Ten', '2009-01-08 10:54:59'),
(18, 'Asp', '2009-01-08 10:54:59'),
(21, 'ST', '2009-01-08 10:54:59'),
(22, '1º Sgt', '2009-01-08 10:54:59'),
(23, '2º Sgt', '2009-01-08 10:54:59'),
(24, '3º Sgt', '2009-01-08 10:55:00'),
(42, 'Cb', '2009-01-08 10:55:00'),
(44, 'Sd', '2009-01-08 10:55:00'),
(51, 'Taf Mor', '2009-01-08 10:55:00'),
(52, 'Taf 1ºCl', '2009-01-08 10:55:00'),
(53, 'Taf 2ªCl', '2009-01-08 10:55:00'),
(60, 'Cadete/AMAN', '2009-01-08 10:55:00'),
(61, 'Al/ESPCEX', '2009-01-08 10:55:00'),
(62, 'Al/IME', '2009-01-08 10:55:00'),
(63, 'Al/CPOR NPOR', '2009-01-08 10:55:00'),
(64, 'Al/ESCOLA', '2009-01-08 10:55:00'),
(65, 'Al/Órgão', '2009-01-08 10:55:00'),
(70, 'Conscrito', '2009-01-08 10:55:00'),
(80, 'Atirador', '2009-01-08 10:55:00'),
(99, 'Indefinido', '2009-01-08 10:55:00');

CREATE TABLE `qm` (
  `cod` varchar(4) NOT NULL,
  `descricao` varchar(120) NOT NULL,
  `data_atualiz` timestamp NULL default NULL,
  `abreviacao` varchar(20) NULL,
  PRIMARY KEY  (`cod`)
) ENGINE=InnoDB DEFAULT CHARSET=latin1;


INSERT INTO `qm` (`cod`, `descricao`, `data_atualiz`, `abreviacao`) VALUES 
('0000', 'QMG 00-Qualquer QMG / Qualquer QMP', NULL, NULL),
('0001', 'QMG 00-Singular/Qualquer QMP', NULL, NULL),
('0010', 'QMG 00-Singular/QMP 10-Corneteiro/Clarim', NULL, NULL),
('0012', 'QMG 00-Singular/QMP 12-Músico', NULL, NULL),
('0015', 'QMG 00-Singular/QMP 15-Taifeiro', NULL, NULL),
('0016', 'QMG 00-Singular/QMP Quadro Especial', NULL, NULL),
('0200', 'QMG 02-Cavalaria/Qualquer QMP', NULL, 'CAV'),
('0201', 'QMG 02-Cavalaria/QMP 01-Combatente', NULL, 'CAV'),
('0211', 'QMG 02-Cavalaria/QMP 11-Sapador Mineiro', NULL, 'CAV'),
('0500', 'QMG 05-Engenharia/Qualquer QMP', NULL, 'ENG'),
('0501', 'QMG 05-Engenharia/QMP 01-Combatente', NULL, 'ENG'),
('0515', 'QMG 05-Engenharia/QMP 15-Aux Topógrafo', NULL, 'ENG'),
('0522', 'QMG 05-Engenharia/QMP 22-Op de Eqp de Engenharia', NULL, 'ENG'),
('0523', 'QMG 05-Engenharia/QMP 23-Pes de Inst e Estrutura', NULL, 'ENG'),
('0524', 'QMG 05-Engenharia/QMP 24-Pontoneiro', NULL, 'ENG'),
('0542', 'QMG 05-Engenharia/QMP 42-Pes de Suprimento', NULL, 'ENG'),
('0562', 'QMG 05-Engenharia/QMP 62-Pes de Carpintaria', NULL, 'ENG'),
('0600', 'QMG 06-Artilharia/Qualquer QMP', NULL, 'ART'),
('0601', 'QMG 06-Artilharia/QMP 01-Combatente', NULL, 'ART'),
('0604', 'QMG 06-Artilharia/QMP 04-Pes de Direção de Tiro', NULL, 'ART'),
('0615', 'QMG 06-Artilharia/QMP 15-Pes de Levantamento e Observação', NULL, 'ART'),
('0700', 'QMG 07-Infantaria/Qualquer QMP', NULL, 'INF'),
('0701', 'QMG 07-Infantaria/QMP 01-Combatente', NULL, 'INF'),
('0711', 'QMG 07-Infantaria/QMP 11-Capador Mineiro', NULL, 'INF'),
('0729', 'QMG 07-Infantaria/QMP 29-Policia do Exército', NULL, 'INF'),
('0833', 'QMG 08-Saúde/QMP 33-Auxiliar de Saúde', NULL, 'SAU'),
('0900', 'QMG 09-Material Bélico/Qualquer QMP', NULL, 'MAT BEL'),
('0942', 'QMG 09-Material Bélico/QMP 42-Pes de Suprimento', NULL, 'MAT BEL'),
('0945', 'QMG 09-Material Bélico/QMP 45-Mec de Armamento Leve', NULL, 'MAT BEL'),
('0946', 'QMG 09-Material Bélico/QMP 46-Mec de Armamento', NULL, 'MAT BEL'),
('0947', 'QMG 09-Material Bélico/QMP 47-Mec Eletricista', NULL, 'MAT BEL'),
('0950', 'QMG 09-Material Bélico/QMP 50-Mec Operador', NULL, 'MAT BEL'),
('0951', 'QMG 09-Material Bélico/QMP 51-Mec Vtr Auto', NULL, 'MAT BEL'),
('0954', 'QMG 09-Material Bélico/QMP 54-Op Metalurgico', NULL, 'MAT BEL'),
('0956', 'QMG 09-Material Bélico/QMP 56-Pes Oxidação E Galvanoplastia', NULL, 'MAT BEL'),
('1000', 'QMG 10-Intendência/Qualquer QMP', NULL, 'INT'),
('1042', 'QMG 10-Intendência/QMP 42-Pes de Suprimento', NULL, 'INT'),
('1055', 'QMG 10-Intendência/QMP 55-Pes de Transporte', NULL, 'INT'),
('1061', 'QMG 10-Intendência/QMP 61-Pes de Aprovisionamento', NULL, 'INT'),
('1064', 'QMG 10-Intendência/QMP 64-Pes de Serviços', NULL, 'INT'),
('1065', 'QMG 10-Intendência/QMP 65-Pes de Mnt De Pára-quedas', NULL, 'INT'),
('1100', 'QMG 11-Comunicações/Qualquer QMP', NULL, 'COM'),
('1142', 'QMG 11-Comunicações/QMP 42-Pes de Suprimento (Logística)', NULL, 'COM'),
('1171', 'QMG 11-Comunicações/QMP 71-Combatente', NULL, 'COM'),
('1173', 'QMG 11-Comunicações/QMP 73-Mnt De Com (Logística)', NULL, 'COM'),
('1174', 'QMG 11-Comunicações/QMP 74-Op De Comunicações', NULL, 'COM'),
('1175', 'QMG 11-Comunicações/QMP 75-Fotocinegrafista (Logística)', NULL, 'COM'),
('1200', 'QMG 12-DQBN/Qualquer QMP', NULL, NULL),
('2000', 'Soldado não Qualificado (NQ-R2C)', NULL, NULL),
('2100', 'Atirador de Tiro-de-Guerra', NULL, NULL),
('3000', 'Qualquer QMP das QMG 02-05-06-07  E As qm 71 E 74 Da QMG 11', NULL, NULL),
('3100', 'Qualquer QMP das QMG 08-09-10-42 E As qm 42-73-75 Da QMG 11', NULL, NULL),
('3200', 'Qualquer QMG Exceto as QMG 08-Saúde e 00-Singular', NULL, NULL),
('3300', 'Qualquer QMG Exceto a  QMG 00-Singular', NULL, NULL),
('3400', 'Qualquer QMP das QMG 09/Mat Bel ou 10-Intendência', NULL, NULL),
('4200', 'QMG 42-Veterinaria/Qualquer QMP', NULL, 'VET'),
('4242', 'QMG 42-Veterinaria/QMP  42-Pes de Suprimento', NULL, 'VET'),
('4285', 'QMG 42-Veterinaria/QMP  85-Enfermeiro Veterinario', NULL, 'VET'),
('4286', 'QMG 42-Veterinaria/QMP  86-Ferrador', NULL, 'VET'),
('5000', 'Qualquer QMS', NULL, NULL),
('5001', 'Qualquer QMS Exceto Singular (Corn/Clarim-Mus-Topo-QE)', NULL, NULL),
('5002', 'Qualquer QMS Exceto Saúde e Singular  (Corn/Clarim-Mus-Topo-QE)', NULL, NULL),
('5007', 'Definir', NULL, NULL),
('5100', 'Qualquer QMS Singular  (Corn/Clarim-Mus-Topo-QE)', NULL, NULL),
('5110', 'QMS Corneteiro/Clarim', NULL, NULL),
('5112', 'QMS Músico', NULL, NULL),
('5115', 'QMS Topógrafo', NULL, NULL),
('5116', 'QMS Quadro Especial (QE)', NULL, NULL),
('5200', 'Qualquer QMS Combatente (Cav-Eng-Art-Inf-Com)', NULL, NULL),
('5202', 'QMS Cavalaria', NULL, 'CAV'),
('5205', 'QMS Engenharia', NULL, 'ENG'),
('5206', 'QMS Artilharia', NULL, 'ART'),
('5207', 'QMS Infantaria', NULL, 'INF'),
('5211', 'QMS Comunicações', NULL, 'COM'),
('5300', 'Qualquer QMS (Sau-Int-Mnt Com-MB/Mnt Armt-Mb/Mec Vtr-Mb/Mec Op)', NULL, NULL),
('5303', 'QMS Int ou Qualquer QMS Mat Bel (Mnt Armt-Mec Vtr Auto-Mec Op)', NULL, NULL),
('5304', 'QMS Int - Mnt Armt ou Mec Vtr Auto', NULL, NULL),
('5305', 'QMS Material Bélico/Mnt de Armt ou Mec Vtr Auto', NULL, 'MAT BEL'),
('5306', 'QMS Material Bélico/mnt Vtr Auto ou QMS Mnt Com (Logística)', NULL, 'MAT BEL'),
('5308', 'QMS Saúde', NULL, 'SAU'),
('5309', 'Qualquer QMS Mat Bel (Mnt Armt-Mnt Vtr Auto ou Mec Op)', NULL, 'MAT BEL'),
('5310', 'QMS Intendência', NULL, 'INT'),
('5346', 'QMS Material Bélico/Manutenção de Armamento', NULL, 'MAT BEL'),
('5350', 'QMS Material Bélico/Mecânico Operador', NULL, 'MAT BEL'),
('5351', 'QMS Material Bélico/Mecânico de Viaturas', NULL, 'MAT BEL'),
('5352', 'QMS Material Bélico/Manutenção de Aeronaves', NULL, 'MAT BEL'),
('5373', 'QMS Manutenção de Comunicações', NULL, 'COM'),
('5380', 'QMS Aviação - Manutenção', NULL, 'AVI'),
('5381', 'QMS Aviação - Apoio', NULL, 'AVI'),
('5400', 'Qualquer qm Extinção - Sup (Eng/MB/ Int/ Com) - Aux Adm - Vet - Tec e Aux', NULL, NULL),
('5405', 'QMS Suprimento de Engenharia', NULL, NULL),
('5409', 'QMS Suprimento de Material Bélico', NULL, NULL),
('5410', 'QMS Suprimento de Intendência', NULL, NULL),
('5411', 'QMS Suprimento de Comunicações', NULL, NULL),
('5442', 'QMS Veterinária', NULL, 'VET'),
('5490', 'QMS Auxiliar de Administração', NULL, NULL),
('5491', 'QMS Tecnologista', NULL, NULL),
('5492', 'QMS Auxiliar de Serviços', NULL, NULL),
('5500', 'Qualquer QMCE', NULL, NULL),
('5700', 'Qualquer QMCP', NULL, NULL),
('6000', 'Quadro Auxiliar de Oficiais', NULL, 'QAO'),
('6002', 'QAO de Qualquer Categoria, Exceto Administração Geral', NULL, 'QAO'),
('6003', 'QAO de Qualquer Categoria, Exceto de Saúde', NULL, 'QAO'),
('6004', 'QAO de Qualquer Categoria, Exceto Material Bélico', NULL, 'QAO'),
('6005', 'QAO de Qualquer Categoria, Exceto Topografo', NULL, 'QAO'),
('6006', 'QAO de Qualquer Categoria, Exceto Músico', NULL, 'QAO'),
('6007', 'QAO de Qualquer Categoria, Exceto Saúde, Topógrafo e Músico', NULL, 'QAO'),
('6008', 'QAO de Qualquer Categoria, Exceto Saúde e Músico', NULL, 'QAO'),
('6009', 'QAO de Qualquer Categoria, Exceto Mat Bel, Topógrafo e Músico', NULL, 'QAO'),
('6100', 'QAO Administração Geral/Oriundo de Qualquer QMS', NULL, 'QAO'),
('6102', 'QAO Administração Geral/Oriundo da QMS Cavalaria', NULL, 'QAO'),
('6105', 'QAO Administração Geral/Oriundo da QMS Engenharia', NULL, 'QAO'),
('6106', 'QAO Administração Geral/Oriundo da QMS Artilharia', NULL, 'QAO'),
('6107', 'QAO Administração Geral/Oriundo da QMS Infataria', NULL, 'QAO'),
('6110', 'QAO Administração Geral/Oriundo da QMS Intendência', NULL, 'QAO'),
('6111', 'QAO Administração Geral/Oriundo da QMS Comunições', NULL, 'QAO'),
('6113', 'QAO Administração Geral/Oriundo da QMS Aviação/Apoio', NULL, 'QAO'),
('6125', 'QAO Administração Geral/Oriundo da QMS Sup de Eng (*)', NULL, 'QAO'),
('6129', 'QAO Administração Geral/Oriundo da QMS Sup de Mat Bel (*)', NULL, 'QAO'),
('6130', 'QAO Administração Geral/Oriundo da QMS Sup de Int (*)', NULL, 'QAO'),
('6131', 'QAO Administração Geral/Oriundo da QMS Sup de Com (*)', NULL, 'QAO'),
('6190', 'QAO Administração Geral/Oriundo da QMS Aux de Adm (*)', NULL, 'QAO'),
('6195', 'QAO Adm Geral/Oriundo das QMS Comb (Cav-Eng-Art-Int-Com)', NULL, 'QAO'),
('6196', 'QAO Adm Geral/Oriundo das QMS Int ou Aux Adm (*)', NULL, 'QAO'),
('6197', 'QAO Administração Geral/Oriundo das QMS Sup Eng (*), Sup Mat Bel (*), Sup Int (*) Ou Sup Com (*)', NULL, 'QAO'),
('6198', 'QAO Administração Geral/Oriundo das QMS Int, Aux Adm (*), Sup Eng (*), Sup Mat Bel (*), Sup Int (*) Ou Sup Com (*)', NULL, 'QAO'),
('6200', 'QAO Saúde/Oriundo das QMS Saúde Ou Veterinária (*)', NULL, 'QAO'),
('6208', 'QAO Saúde/Oriundo da QMS Saúde', NULL, 'QAO'),
('6242', 'QAO Saúde/Oriundo da QMS Veterinária (*)', NULL, 'QAO'),
('6300', 'QAO Material Bélico/Oriundo de Qualquer QMS', NULL, 'QAO'),
('6340', 'QAO Material Bélico/Oriundo da QMS Mat Bel-Mnt Armt ou QMS Mat Bel- Mec Vtr Auto', NULL, 'QAO'),
('6341', 'QAO Material Bélico/Oriundo da QMS Mat Bel-Mec Vtr Auto ou da QMS Mnt Com (Logística)', NULL, 'QAO'),
('6346', 'QAO Material Bélico/Oriundo da QMS Mat Bel-Mnt de Armt', NULL, 'QAO'),
('6350', 'QAO Material Bélico/Oriundo da QMS Mat Bel-Mnt-Mec Operador', NULL, 'QAO'),
('6351', 'QAO Material Bélico/Oriundo da QMS Mat Bel-Mec Vtr Auto', NULL, 'QAO'),
('6373', 'QAO Oriundo da QMS Mnt Com', NULL, 'QAO'),
('6400', 'QAO Topógrafo', NULL, 'QAO'),
('6500', 'QAO Músico', NULL, 'QAO'),
('7000', 'Quadro Complementar de Oficiais', NULL, 'QCO'),
('7001', 'QCO da Área de Ciências Contábeis - Qualquer Especialidade', NULL, 'QCO'),
('7050', 'QCO da Área de Ciências Contábeis - Contabilidade', NULL, 'QCO'),
('7051', 'QCO da Área de Ciências Contábeis - Econômia', NULL, 'QCO'),
('7055', 'QCO da Área de Ciências Contábeis - Estatística', NULL, 'QCO'),
('7065', 'QCO da Área de Ciências Contábeis - Contabilidade ou Economia', NULL, 'QCO'),
('7066', 'QCO da Área de Ciências Contábeis - Contabilidade ou Estatstica', NULL, 'QCO'),
('7067', 'QCO da Área de Ciências Contábeis - Economia ou Estatistica', NULL, 'QCO'),
('7100', 'QCO da Área de Direito -  Qualquer Especialidade', NULL, 'QCO'),
('7150', 'QCO da Área de Informática Qualquer Especialidade', NULL, 'QCO'),
('7200', 'QCO da Área Psicossocial - Qualquer Especialidade', NULL, 'QCO'),
('7201', 'QCO da Área Psicossocial - Assistência Social', NULL, 'QCO'),
('7205', 'QCO da Área Psicossocial - Orientação Educacional', NULL, 'QCO'),
('7210', 'QCO da Área Psicossocial - Pedagogia', NULL, 'QCO'),
('7215', 'QCO da Área Psicossocial - Psicologia', NULL, 'QCO'),
('7220', 'QCO da Área Psicossocial - Assist Soc ou Orientação Educacional', NULL, 'QCO'),
('7221', 'QCO da Área Psicossocial - Assistencia Social ou Pedagogia', NULL, 'QCO'),
('7222', 'QCO da Área Psicossocial -assistencia Social ou Psicologia', NULL, 'QCO'),
('7223', 'QCO da Área Psicossocial - Orientação Educacional ou Pedagogia', NULL, 'QCO'),
('7224', 'QCO da Área Psicossocial - Orientação Educacional ou Psicologia', NULL, 'QCO'),
('7225', 'QCO da Área Psicossocial - Pedagogia ou Psicologia', NULL, 'QCO'),
('7300', 'QCO da Área de Ciências Médicas - Qualquer Especialidade', NULL, 'QCO'),
('7400', 'QCO da Área de Magistério - Qualquer Nível', NULL, 'QCO'),
('7401', 'QCO da Área de Magistério - Português', NULL, 'QCO'),
('7402', 'QCO da Área de Magistério - Matemática', NULL, 'QCO'),
('7403', 'QCO da Área de Magistério - História', NULL, 'QCO'),
('7404', 'QCO da Área de Magistério - Geografia', NULL, 'QCO'),
('7405', 'QCO da Área de Magistério - Biologia', NULL, 'QCO'),
('7406', 'QCO da Área de Magistério - Química', NULL, 'QCO'),
('7407', 'QCO da Área de Magistério - Física', NULL, 'QCO'),
('7420', 'QCO da Área de Magistério - Inglês', NULL, 'QCO'),
('7421', 'QCO da Área de Magistério - Espanhol', NULL, 'QCO'),
('7422', 'QCO da Área de Magistério - Francês', NULL, 'QCO'),
('7423', 'QCO da Área de Magistério - Alemão', NULL, 'QCO'),
('7600', 'QCO da Área de Veterinária - Qualquer Especialidade', NULL, 'QCO'),
('7700', 'QCO da Área de Enfermagem - Qualquer Especialidade', NULL, 'QCO'),
('7750', 'QCO da Área de Comunicação Social', NULL, 'QCO'),
('7780', 'QCO da Área de Administração -  Qualquer Especialidade', NULL, 'QCO'),
('8000', 'Qualquer Arma Quadro ou Serviço, Exceto QAO', NULL, NULL),
('8001', 'Qualquer Arma Quadro ou Seviço Exceto Mag Ex, QCO, SAREx e QAO', NULL, NULL),
('8002', 'Qualquer Arma (Inf-Cav-Art-Eng-Com), QMB ou Sv (Int-Sau-Vet)', NULL, NULL),
('8003', 'Qualquer Arma (Inf-Cav-Art-Eng-Com), QMB ou Sv de Intendência', NULL, NULL),
('8004', 'Qualquer Arma (Inf-Cav-Art-Eng-Com), ou Sv Intendência', NULL, NULL),
('8005', 'Arma de Eng ou Quadro de Eng Mil (QEM)/Espc Fortif e Const', NULL, NULL),
('8006', 'Serviço de Saúde, Intendência ou Veterinária (em extinção)', NULL, NULL),
('8007', 'Serviço de Saúde ou Veterinária (em extinção)', NULL, NULL),
('8008', 'Serviço de Saúde ou de Intendência', NULL, NULL),
('8009', 'Quadro de Mat Bel (QMB) ou Quadro de Eng Mil (QEM)/Exceto Espc Fort Constr (8224) e Cartografia (8225)', NULL, NULL),
('8010', 'Serviço de Intendência ou Quadro de Material Bélico (QMB)', NULL, NULL),
('8012', 'Qualquer Arma, QMB, QEM Ou Serviço de Intendência', NULL, NULL),
('8013', 'Qualquer Arma ou QMB, Exceto QEMA', NULL, NULL),
('8100', 'Qualquer Arma (Inf-Cav-Art-Eng-Com)', NULL, NULL),
('8101', 'Definir', NULL, NULL),
('8102', 'Cavalaria', NULL, 'CAV'),
('8105', 'Engenharia', NULL, 'ENG'),
('8106', 'Artilharia', NULL, 'ART'),
('8107', 'Infantaria', NULL, 'INF'),
('8109', 'Material Bélico', NULL, 'MAT BEL'),
('8111', 'Comunicações', NULL, 'COM'),
('8200', 'Quadro de Engenheiros Militares', NULL, 'QEM'),
('8201', 'QEM / Eng Mec e Armt (8226) ou Metalurgica (8228)', NULL, 'QEM'),
('8202', 'QEM / Eng Mec e Armt (8226) ou Quimica (8229)', NULL, 'QEM'),
('8203', 'QEM / Eng Mec e Armt (8226)  ou Eng Mec Auto (8227)', NULL, 'QEM'),
('8204', 'QEM / Eng Mec e Armt (8226) Eng Mec Auto (8227) ou Metal (8228)', NULL, 'QEM'),
('8205', 'QEM / Eng Mec e Armt (8226) Eng Mec Auto (8227), Metalurgica (8228) ou Química (8229)', NULL, 'QEM'),
('8206', 'QEM / Eng Mec e Auto (8227) ou Química (8229)', NULL, 'QEM'),
('8207', 'QEM / (Logística) (8221) ou Eletrônica (8223)', NULL, 'QEM'),
('8208', 'QEM / Com (8221) Eletricidade (8222) ou Eletrônica (8223)', NULL, 'QEM'),
('8209', 'QEM / Eletricidade (8222) ou Eletrônica (8223)', NULL, 'QEM'),
('8210', 'QEM / Qualquer Espc, Exceto Fortif E Constr (8224) e Cartogr (8225)', NULL, 'QEM'),
('8211', 'QEM / Metalurgia (8228) ou Quimica (8229)', NULL, 'QEM'),
('8212', 'QEM / Mec e Armt (8226), Mec e Auto (8227), Metal (8228) ou Com (8221)', NULL, 'QEM'),
('8213', 'QEM / Fortificações e Const (8224), ou Eletricidade (8222)', NULL, 'QEM'),
('8214', 'QEM / Qualquer Especidalidade, Exceto Fortif E Const (8224), Cartografia (8225) E Eletricidade (8222)', NULL, 'QEM'),
('8215', 'QEM / Computação (8230) ou Telemática (8231)', NULL, 'QEM'),
('8216', 'QEM / Computação (8230), Comunicações (8221) ou Telemática (8231)', NULL, 'QEM'),
('8220', 'QEM / Qualquer Especidalidade de Eng Aeronáutica (ITA)', NULL, 'QEM'),
('8221', 'QEM / (Logística)', NULL, 'QEM'),
('8222', 'QEM / Eletricidade', NULL, 'QEM'),
('8223', 'QEM / Eletrônica', NULL, 'QEM'),
('8224', 'QEM / Fortificações e Construções', NULL, 'QEM'),
('8225', 'QEM / Cartografia (Antigo Geo Cart)', NULL, 'QEM'),
('8226', 'QEM / Mecânica E De Armamento', NULL, 'QEM'),
('8227', 'QEM / Mecânica E De Automovel', NULL, 'QEM'),
('8228', 'QEM / Metalurgia', NULL, 'QEM'),
('8229', 'QEM / Química', NULL, 'QEM'),
('8230', 'QEM / Computação', NULL, 'QEM'),
('8231', 'QEM / Telemática', NULL, 'QEM'),
('8300', 'Of de Qualquer Arma, Quadro ou Serviço, Incluído no Magistério Ex, Inclusive Of do QME, em extinção', NULL, NULL),
('8500', 'Serviço de Intendência', NULL, 'INT'),
('8600', 'Serviço de Assistência Religiosa - Padre', NULL, 'SAREX'),
('8601', 'Serviço de Assistência Religiosa - Pastor', NULL, 'SAREX'),
('8700', 'Veterinário', NULL, 'VET'),
('8701', 'Veterinário / Adestramento de Cães de Querra- Cinotecnia', NULL, 'VET'),
('8702', 'Veterinário / Agrostologia', NULL, 'VET'),
('8703', 'Veterinário / Bioteria-primatologia', NULL, 'VET'),
('8704', 'Veterinário / Clínica e Cirurgia de Grandes Animais', NULL, 'VET'),
('8705', 'Veterinário / Clinica e Cirurgia de Pequenos Animais', NULL, 'VET'),
('8706', 'Veterinário / Diagnóstico Laboratorial', NULL, 'VET'),
('8707', 'Veterinário / Ecologia e Preservação da Fauna', NULL, 'VET'),
('8708', 'Veterinário / Entomologia Agrária', NULL, 'VET'),
('8709', 'Veterinário / Entomologia Medica e/ou Veterinaria', NULL, 'VET'),
('8710', 'Veterinário / Farmacologia Veterinária', NULL, 'VET'),
('8711', 'Veterinário / Fisiopatologia da Reprodução', NULL, 'VET'),
('8712', 'Veterinário / Ginecologia e Obstetricia Veterinaria', NULL, 'VET'),
('8713', 'Veterinário / Querra Quimica, Biologica e Nuclear', NULL, 'VET'),
('8714', 'Veterinário / Inseminação Artificial', NULL, 'VET'),
('8715', 'Veterinário / Irradiação de Alimentos', NULL, 'VET'),
('8716', 'Veterinário / Laboratorio de Análises Clínicas', NULL, 'VET'),
('8717', 'Veterinário / Mecidina Veterinária Legal', NULL, 'VET'),
('8718', 'Veterinário / Microbiologia, Virologia e Imunologia', NULL, 'VET'),
('8719', 'Veterinário / Parasitologia Veterinaria', NULL, 'VET'),
('8720', 'Veterinário / Patologia Veterinaria', NULL, 'VET'),
('8721', 'Veterinário / Pesquisas Biologicas', NULL, 'VET'),
('8722', 'Veterinário / Podotecnia Equina', NULL, 'VET'),
('8723', 'Veterinário / Preservação de Alimentos e Forragens', NULL, 'VET'),
('8724', 'Veterinário / Radiologia Veterinaria', NULL, 'VET'),
('8725', 'Veterinário / Residuo de Pesticidas-toxicologia', NULL, 'VET'),
('8726', 'Veterinário / Sanitarismo', NULL, 'VET'),
('8727', 'Veterinário / Saúde Pública', NULL, 'VET'),
('8728', 'Veterinário / Técnica de Administração e Produção Rural', NULL, 'VET'),
('8729', 'Veterinário / Tecnologia e Inspeção de Alimentos', NULL, 'VET'),
('8730', 'Veterinário / Zootecnia Geral e Especial', NULL, 'VET'),
('8800', 'Saúde - Qualquer Especialidade', NULL, 'SAU'),
('8801', 'Dentista', NULL, 'Dent'),
('8802', 'Dentista / Cirurgia e Traumatologia Buco-maxilo-facial', NULL, 'Dent'),
('8803', 'Dentista / Dentistica Restauradora', NULL, 'Dent'),
('8804', 'Dentista / Endodontia', NULL, 'Dent'),
('8805', 'Dentista / Odontologia Legal', NULL, 'SAU'),
('8806', 'Dentista / Odontologia Preventiva e Social', NULL, 'Dent'),
('8807', 'Dentista / Odontopediatria', NULL, 'Dent'),
('8808', 'Dentista / Ortodontia e Ortopedia Facial', NULL, 'Dent'),
('8809', 'Dentista / Patologia Bucal', NULL, 'Dent'),
('8810', 'Dentista / Periodontia', NULL, 'Dent'),
('8811', 'Dentista / Protese Buco-maxilo-facial', NULL, 'Dent'),
('8812', 'Dentista / Protese Dental', NULL, 'Dent'),
('8813', 'Dentista / Radiologia', NULL, 'Dent'),
('8815', 'Farmacêutico / Qualquer Especialidade', NULL, 'Farm'),
('8816', 'Farmacêutico / Bacteriologia', NULL, 'Farm'),
('8817', 'Farmacêutico / Bioquimica', NULL, 'Farm'),
('8818', 'Farmacêutico / Bronatologia', NULL, 'Farm'),
('8819', 'Farmacêutico / Farmacia Quimica', NULL, 'Farm'),
('8820', 'Farmacêutico / Farmacotecnica', NULL, 'Farm'),
('8821', 'Farmacêutico / Hematologia', NULL, 'Farm'),
('8822', 'Farmacêutico / Imunologia', NULL, 'Farm'),
('8823', 'Farmacêutico / Industria De Produtos Biologicos', NULL, 'Farm'),
('8824', 'Farmacêutico / Parasitologia', NULL, 'Farm'),
('8825', 'Farmacêutico / Pesquisas Clinicas', NULL, 'Farm'),
('8826', 'Farmacêutico / Quimica Analitica', NULL, 'Farm'),
('8827', 'Farmacêutico / Quimica Industrial E Farmaceutica', NULL, 'Farm'),
('8828', 'Farmacêutico / Sorologia', NULL, 'Farm'),
('8829', 'Farmacêutico / Toxicologia', NULL, 'Farm'),
('8830', 'Farmacêutico / Análise de Alimentos', NULL, 'Farm'),
('8831', 'Farmacêutico / Farmácia Hospitalar', NULL, 'Farm'),
('8835', 'Médico / Qualquer Especialidade', NULL, 'Med'),
('8836', 'Médico / Administração Hospitalar', NULL, 'Med'),
('8837', 'Médico / Alergia', NULL, 'Med'),
('8838', 'Médico / Anestesiologia', NULL, 'Med'),
('8839', 'Médico / Angiologia', NULL, 'Med'),
('8840', 'Médico / Broncoesofalogia', NULL, 'Med'),
('8841', 'Médico / Cancerologia', NULL, 'Med'),
('8842', 'Médico / Cardiologia', NULL, 'Med'),
('8843', 'Médico / Cirurgia Cardiovascular', NULL, 'Med'),
('8844', 'Médico / Cirurgia De Cabeça De Pescoço', NULL, 'Med'),
('8845', 'Médico / Cirurgia De Mão', NULL, 'Med'),
('8846', 'Médico / Cirurgia Geral', NULL, 'Med'),
('8847', 'Médico / Cirurgia Pediatrica', NULL, 'Med'),
('8848', 'Médico / Cirurgia Plástica', NULL, 'Med'),
('8849', 'Médico / Cirurgia Torácica', NULL, 'Med'),
('8850', 'Médico / Cirurgia Vascular', NULL, 'Med'),
('8851', 'Médico / Citopatologia', NULL, 'Med'),
('8852', 'Médico / Dermatologia', NULL, 'Med'),
('8853', 'Médico / Eletroencefalografia', NULL, 'Med'),
('8854', 'Médico / Endocrinologia e Metabologia', NULL, 'Med'),
('8855', 'Médico / Endoscopia Digestiva', NULL, 'Med'),
('8856', 'Médico / Fisiatria', NULL, 'Med'),
('8857', 'Médico / Foniatria', NULL, 'Med'),
('8858', 'Médico / Gastroenterologia', NULL, 'Med'),
('8859', 'Médico / Genetica Clinica', NULL, 'Med'),
('8860', 'Médico / Geriatria e Gerentologia', NULL, 'Med'),
('8861', 'Médico / Ginecologia', NULL, 'Med'),
('8862', 'Médico / Hansenologia', NULL, 'Med'),
('8863', 'Médico / Hematologia', NULL, 'Med'),
('8864', 'Médico / Hemoterapia', NULL, 'Med'),
('8865', 'Médico / Homeopatia', NULL, 'Med'),
('8866', 'Médico / Infectologia', NULL, 'Med'),
('8867', 'Médico / Medicina Esportiva', NULL, 'Med'),
('8868', 'Médico / Medicina Interna', NULL, 'Med'),
('8869', 'Médico / Medicina Legal', NULL, 'Med'),
('8870', 'Médico / Medicina Nuclear', NULL, 'Med'),
('8871', 'Médico / Medicina Sanitaria (Saúde Pública)', NULL, 'Med'),
('8872', 'Médico / Medicina do Trabalho', NULL, 'Med'),
('8873', 'Médico / Nefrologia', NULL, 'Med'),
('8874', 'Médico / Neurocirurgia', NULL, 'Med'),
('8875', 'Médico / Neurofisiologia', NULL, 'Med'),
('8876', 'Médico / Neurologia', NULL, 'Med'),
('8877', 'Médico / Neurologia Pediatria', NULL, 'Med'),
('8878', 'Médico / Nutrição', NULL, 'Med'),
('8879', 'Médico / Nutrologia', NULL, 'Med'),
('8880', 'Médico / Obstetricia', NULL, 'Med'),
('8881', 'Médico / Oftalmologia', NULL, 'Med'),
('8882', 'Médico / Ortopedia e Traumatologia', NULL, 'Med'),
('8883', 'Médico / Otorrinolariongologia', NULL, 'Med'),
('8884', 'Médico / Patologia', NULL, 'Med'),
('8885', 'Médico / Patologia Clínica', NULL, 'Med'),
('8886', 'Médico / Pediatria', NULL, 'Med'),
('8887', 'Médico / Pneumologia', NULL, 'Med'),
('8888', 'Médico / Proctologia', NULL, 'Med'),
('8889', 'Médico / Psiquiatria', NULL, 'Med'),
('8890', 'Médico / Radiologia', NULL, 'Med'),
('8891', 'Médico / Radioterapia', NULL, 'Med'),
('8892', 'Médico /  Reumatologia', NULL, 'Med'),
('8893', 'Médico / Sexologia', NULL, 'Med'),
('8894', 'Médico / Tisiologia', NULL, 'Med'),
('8895', 'Médico / Urologia', NULL, 'Med'),
('8896', 'Médico / Hemodinamica', NULL, 'Med'),
('8897', 'Médico / Ginecologia E Obstetricia', NULL, 'Med'),
('8898', 'Médico / Medicina Intensiva', NULL, 'Med'),
('8899', 'Médico / Mastologia', NULL, 'Med'),
('8900', 'Médico / Medicina Generalista Ou Familiar', NULL, 'Med'),
('8901', 'Médico / Tomografia Computadorizada', NULL, 'Med'),
('8902', 'Médico / Imunologia', NULL, 'Med'),
('8903', 'Médico / Cardiopediatria', NULL, 'Med'),
('8909', 'Médico / Acupuntura', NULL, 'Med'),
('9000', 'Qualquer Quadro (Combatentes, Serviços, Engenheiros Mil e QE)', NULL, NULL),
('9001', 'Qualquer Quadro (Combatentes, Serviços, Eng Mil, Exceto do QE)', NULL, NULL),
('9002', 'Combatente (Armas e Qmb) ou Engenheiro Militar', NULL, 'QEM'),
('9003', 'Combatente (Armas e Qmb) ou dos Serviços', NULL, NULL),
('9004', 'Combatente (Armas e Qmb) ou do Serviço de Intendência', NULL, 'INT'),
('9005', 'Engenheiro Militar ou dos Serviços', NULL, 'QEM'),
('9100', 'Combatente/Oriundo de Qualquer Arma (Cav-Eng-Art-Inf-Com) e do QMB', NULL, NULL),
('9101', 'Combatente/Oriundo de Qualquer Arma (Cav-Eng-Art-Inf-Com)', NULL, NULL),
('9102', 'Combatente/Oriundo da Arma de Cavalaria', NULL, 'CAV'),
('9105', 'Combatente/Oriundo da Arma de Engenharia', NULL, 'ENG'),
('9106', 'Combatente/Oriundo da Arma de Artilharia', NULL, 'ART'),
('9107', 'Combatente/Oriundo da Arma de Infantaria', NULL, 'INF'),
('9109', 'Combatente/Oriundo do Quadro de Material Bélico', NULL, 'MAT BEL'),
('9111', 'Combatente/Oriundo da Arma de (Logística)', NULL, NULL),
('9200', 'Engenheiro Militar Qualquer Especialidade', NULL, 'QEM'),
('9201', 'Engenheiro Militar/eng Mec E Armt (9226) ou Metalurgia (9228)', NULL, 'QEM'),
('9202', 'Engenheiro Militar/eng Mec E Armt (9226) ou Quimica (9229)', NULL, 'QEM'),
('9203', 'Engenheiro Militar/eng Mec E Armt (9226) ou Eng Mec E Auto (9227)', NULL, 'QEM'),
('9204', 'Engenheiro Militar/eng Mec E Armt (9226), Eng Mec Auto (9227) ou Metalurgia (92 28)', NULL, 'QEM'),
('9205', 'Engenheiro Militar/eng Mec E Armt (9226), Eng Mec Auto (9227) Metalurgia (92 28) Ou Quimica (92 29)', NULL, 'QEM'),
('9206', 'Engenheiro Militar/eng Mec Auto (9227) ou Quimica (9229)', NULL, 'QEM'),
('9207', 'Engenheiro Militar/(Logística) (9221) ou Eletronica (9223)', NULL, 'QEM'),
('9208', 'Engenheiro Militar/(Logística) (9221) Eletricidade (9222) ou Eletronica (9223)', NULL, 'QEM'),
('9209', 'Engenheiro Militar/eletricidade (9222) ou Eletronica (9223)', NULL, 'QEM'),
('9221', 'Engenheiro Militar/(Logística)', NULL, 'QEM'),
('9222', 'Engenheiro Militar/Eletricidade', NULL, 'QEM'),
('9223', 'Engenheiro Militar/Eletrônica', NULL, 'QEM'),
('9224', 'Engenheiro Militar/Fortificações e Construções', NULL, 'QEM'),
('9225', 'Engenheiro Militar/Cartografia (antigo Geo Cart)', NULL, 'QEM'),
('9226', 'Engenheiro Militar/Mecânica e de Armamento', NULL, 'QEM'),
('9227', 'Engenheiro Militar/Mecânica e de Automovel', NULL, 'QEM'),
('9228', 'Engenheiro Militar/Metalurgia', NULL, 'QEM'),
('9229', 'Engenheiro Militar/Química', NULL, 'QEM'),
('9300', 'Serviço/oriundo de Qualquer Serviço (sau, Int E Vet)', NULL, NULL),
('9301', 'Serviço/oriundo do Serviço de Saúde (médico) ou de Intendência', NULL, NULL),
('9308', 'Serviço de Saúde (Médico)', NULL, 'SAU'),
('9310', 'Serviço de Intendência', NULL, 'INT'),
('9342', 'Serviço de Veterinaria (*)', NULL, 'VET'),
('9900', 'Quadro Especial (STM)', NULL, 'QE'),
('S02I', 'SCT - Cavalaria', NULL, 'CAV'),
('S05I', 'SCT - Engenharia', NULL, 'ENG'),
('S06I', 'SCT - Artilharia', NULL, 'ART'),
('S07I', 'SCT - Infantaria', NULL, 'INF'),
('S09I', 'SCT - Material Bélico', NULL, 'MAT BEL'),
('S10I', 'SIT - Intendência', NULL, 'INT'),
('S11I', 'SCT - Comunicações', NULL, 'COM'),
('S12A', 'SST - Saúde', NULL, 'SAU'),
('S12I', 'SMCT - Manutenção de Comunicações', NULL, 'COM'),
('S21J', 'STT -  Protético', NULL, 'STT'),
('S22J', 'STT - Técnico em Inspeção de Alimentos', NULL, 'STT'),
('S23J', 'STT - Técnico em Laboratório e Farmácia', NULL, 'STT'),
('S24J', 'STT - Auxiliar de Cirurgia', NULL, 'STT'),
('S25J', 'STT - Técnico em Enfermagem', NULL, 'STT'),
('S26J', 'STT - Mecânico de Viatura Auto', NULL, 'STT'),
('S27J', 'STT - Mecânico Eletricista de Viatura Auto', NULL, 'STT'),
('S28J', 'STT - Torneiro Mecânico', NULL, 'STT'),
('S29J', 'STT - Mecânico de Equipamento Pesado de Terraplenagem', NULL, 'STT'),
('S30J', 'STT - Técnico em Metalurgia', NULL, 'STT'),
('S31J', 'STT - Artífice de Máquinas e Ferramentas', NULL, 'STT'),
('S32J', 'STT - Soldador', NULL, 'STT'),
('S33J', 'STT - Lanterneiro', NULL, 'STT'),
('S34J', 'STT - Mecânico de Equipamento', NULL, 'STT'),
('S35J', 'STT - Técnico em Manutenção de Micros e Periféricos', NULL, 'STT'),
('S36J', 'STT - Técnico em Eletrônica', NULL, 'STT'),
('S37J', 'STT - Fotógrafo de Laboratório', NULL, 'STT'),
('S38J', 'STT - Técnico em Manutenção e Operação de Equipamentos Audiovisuais', NULL, 'STT'),
('S39J', 'STT - Auxiliar de Aprovisionamento', NULL, 'STT'),
('S40J', 'STT - Armazenista', NULL, 'STT'),
('S41J', 'STT - Técnico em Administração de Depósito', NULL, 'STT'),
('S42J', 'STT - Técnico em Contabilidade', NULL, 'STT'),
('S43J', 'STT - Almoxarife', NULL, 'STT'),
('S44J', 'STT - Eletricista', NULL, 'STT'),
('S45J', 'STT - Técnico de Edificações', NULL, 'STT'),
('S46J', 'STT - Desenhista Projetista', NULL, 'STT'),
('S47J', 'STT - Técnico em Hidráulica', NULL, 'STT'),
('S48J', 'STT - Técnico em Manutenção de Motores de Popa', NULL, 'STT'),
('S49J', 'STT - Operador de Equipamento Pesado', NULL, 'STT'),
('S50J', 'STT - Topógrafo', NULL, 'STT'),
('S51J', 'STT - Cartógrafo', NULL, 'STT'),
('S52J', 'STT - Fotogrametrista', NULL, 'STT'),
('S53g', 'SMBT - Mecânico de Viatura Auto', NULL, 'SMBT'),
('S53h', 'SMBT - Mecânico Operador', NULL, 'SMBT'),
('S53I', 'SMBT - Manutenção de Armamento', NULL, 'SMBT'),
('S53J', 'STT - Técnico de Refrigeração', NULL, 'SMBT'),
('S54J', 'STT - Técnico de Artes Gráficas', NULL, 'STT'),
('S55J', 'STT - Programador', NULL, 'STT'),
('S56J', 'STT - Técnico de Estatística', NULL, 'STT'),
('S57J', 'STT - Músico', NULL, 'STT'),
('S58J', 'STT -', NULL, 'STT'),
('S59J', 'STT -', NULL, 'STT'),
('S60J', 'STT -', NULL, 'STT'),
('S61J', 'STT -', NULL, 'STT'),
('S62J', 'STT -', NULL, 'STT'),
('S63J', 'STT -', NULL, 'STT'),
('S64J', 'STT -', NULL, 'STT'),
('S65J', 'STT -', NULL, 'STT'),
('S66J', 'STT -', NULL, 'STT'),
('S67J', 'STT -', NULL, 'STT'),
('S68J', 'STT -', NULL, 'STT'),
('S69J', 'STT -', NULL, 'STT'),
('S70J', 'STT -', NULL, 'STT'),
('S71J', 'STT -', NULL, 'STT'),
('S72J', 'STT -', NULL, 'STT'),
('S73J', 'STT -', NULL, 'STT'),
('S74J', 'STT -', NULL, 'STT'),
('S75J', 'STT -', NULL, 'STT'),
('S76J', 'STT -', NULL, 'STT'),
('S77J', 'STT -', NULL, 'STT'),
('S78J', 'STT -', NULL, 'STT'),
('S79J', 'STT -', NULL, 'STT'),
('SM55', 'SMT - Músico', NULL, 'SMT'),
('T01G', 'OVT - Veterinário/Adest de Cães Guerra - Cinotecnia', NULL, 'OVT'),
('T01H', 'OEMT - Engenheiro Militar', NULL, 'OEMT'),
('T02E', 'ODT - Dentista / Cirurgia e Traumatologia Buco Maxílo Facial', NULL, 'ODT'),
('T02G', 'OVT - Veterinário/Agrostologia', NULL, 'OVT'),
('T02I', 'OCT - Cavalaria', NULL, 'OCT'),
('T03E', 'ODT - Dentista / Dentística Restauradora', NULL, 'ODT'),
('T03G', 'OVT - Veterinário / Bioteria-Primatologia', NULL, 'OVT'),
('T04E', 'ODT - Dentista / Endodontia', NULL, 'ODT'),
('T04G', 'OVT - Veterinário / Clínica e Cirurgia em Grandes Animais', NULL, 'OVT'),
('T05E', 'ODT - Dentista / Odontologia Legal', NULL, 'ODT'),
('T05G', 'OVT - Veterinário / Clínica e Cirurgia em Pequenos Animais', NULL, 'OVT'),
('T05I', 'OCT - Engenharia', NULL, 'OCT'),
('T06E', 'ODT - Dentista / Odontologia Preventiva e Social', NULL, 'ODT'),
('T06G', 'OVT - Veterinário / Diagnóstico Laboratorial', NULL, 'OVT'),
('T06I', 'OCT - Artilharia', NULL, 'OCT'),
('T07E', 'ODT - Dentista / Odontopediatria', NULL, 'ODT'),
('T07G', 'OVT - Veterinário / Ecologia e Preservação da Fauna', NULL, 'OVT'),
('T07I', 'OCT - Infantaria', NULL, 'OCT'),
('T08E', 'ODT - Dentista / Ortodontia e Ortopedia Facial', NULL, 'ODT'),
('T08G', 'OVT - Veterinário / Entomologia Agrária', NULL, 'OVT'),
('T09E', 'ODT - Dentista / Patologia Bucal', NULL, 'ODT'),
('T09G', 'OVT - Veterinário / Entomologia Médica e/ou Veterinária', NULL, 'OVT'),
('T09I', 'OMBT - Oficial de Material Bélico Temporário', NULL, 'OMBT'),
('T10C', 'OFT - Farmácia', NULL, 'OFT'),
('T10E', 'ODT - Dentista / Periodontia', NULL, 'ODT'),
('T10G', 'OVT - Veterinário / Farmacologia Veterinária', NULL, 'OVT'),
('T10I', 'OIT - Intendência', NULL, 'OIT'),
('T11E', 'ODT - Odontologia', NULL, 'ODT'),
('T11G', 'OVT - Veterinário / Fisiopatologia da Reprodução', NULL, 'OVT'),
('T11I', 'OCT - Comunicações', NULL, 'OCT'),
('T12A', 'OMT - Medicina', NULL, 'OMT'),
('T12E', 'ODT - Dentista / Prótese Dental', NULL, 'ODT'),
('T12G', 'OVT - Veterinário / Ginecologia  e Obstetrícia Veterinária', NULL, 'OVT'),
('T13E', 'ODT - Dentista / Radilogia', NULL, 'ODT'),
('T13G', 'OVT - Medicina Veterinária', NULL, 'OVT'),
('T14E', 'ODT - Dentista / Prótese Buco Maxílo Facial', NULL, 'ODT'),
('T14G', 'OVT - Veterinário / Inseminação Artificial', NULL, 'OVT'),
('T15G', 'OVT - Veterinário / Irradiação  Alimentos', NULL, 'OVT'),
('T16C', 'OFT - Farmacêutico / Bacteriologista', NULL, 'OFT'),
('T16G', 'OVT - Veterinário / Laboratório de Análises Clínicas', NULL, 'OVT'),
('T17C', 'OFT - Farmacêutico / Bioquímica', NULL, 'OFT'),
('T17G', 'OVT - Veterinário / Medicina Veterinária Legal', NULL, 'OVT'),
('T18C', 'OFT - Farmacêutico / Bromatologia', NULL, 'OFT'),
('T18G', 'OVT - Veterinário / Microbiologia, Virologia e Imunologia', NULL, 'OVT'),
('T19C', 'OFT - Farmacêutico / Farmácia Química', NULL, 'OFT'),
('T19G', 'OVT - Veterinário / Parasitologia Veterinária', NULL, 'OVT'),
('T20C', 'OFT - Farmacêutico / Farmacotécnica', NULL, 'OFT'),
('T20G', 'OVT - Veterinário / Patologia Veterinária', NULL, 'OVT'),
('T21C', 'OFT - Farmacêutico / Hematologia', NULL, 'OFT'),
('T21G', 'OVT - Veterinário / Pesquisas Biológicas', NULL, 'OVT'),
('T21J', 'OTT - IFS', NULL, 'OTT'),
('T22C', 'OFT - Farmacêutico / Imunologia', NULL, 'OFT'),
('T22G', 'OVT - Veterinário / Podotecnia Eqüina', NULL, 'OVT'),
('T22J', 'OTT - Sociologia', NULL, 'OTT'),
('T23G', 'OVT - Veterinário / Preservação de Alimentos', NULL, 'OVT'),
('T23J', 'OTT - Análise de Sistemas', NULL, 'OTT'),
('T24C', 'OFT - Farmacêutico / Indústria de Produtos Biológicos', NULL, 'OFT'),
('T24G', 'OVT - Veterinário / Radiologia Veterinária', NULL, 'OVT'),
('T24J', 'OTT - Arquitetura e Urbanismo', NULL, 'OTT'),
('T25C', 'OFT - Farmacêutico / Parasitologia', NULL, 'OFT'),
('T25G', 'OVT - Veterinário / Resíduo de Pesticidas', NULL, 'OVT'),
('T25J', 'OTT - Ciclo Básico Engenharia', NULL, 'OTT'),
('T26C', 'OFT - Farmacêutico / Pesquisas Clínicas', NULL, 'OFT'),
('T26G', 'OVT - Veterinário / Sanitarismo', NULL, 'OVT'),
('T26J', 'OTT - Ciência dos Alimentos', NULL, 'OTT'),
('T27C', 'OFT - Farmacêutico / Química Analítica', NULL, 'OFT'),
('T27G', 'OVT - Veterinário / Saúde Pública', NULL, 'OVT'),
('T27J', 'OTT - Ciências - Plena', NULL, 'OTT'),
('T28C', 'OFT - Farmacêutico / Química Industrial e Farmacêutica', NULL, 'OFT'),
('T28G', 'OVT - Veterinário / Técnica de Administração e Produção Rural', NULL, 'OVT'),
('T28J', 'OTT - Ciência da Computação', NULL, 'OTT'),
('T29C', 'OFT - Farmacêutico / Sorologia', NULL, 'OFT'),
('T29G', 'OVT - Veterinário / Tecnologia e Inspeção de Alimentos', NULL, 'OVT'),
('T29J', 'OTT - Construção Civil', NULL, 'OTT'),
('T30C', 'OFT - Farmacêutico / Toxicologia', NULL, 'OFT'),
('T30G', 'OVT - Veterinário / Zootecnia Geral e Especial', NULL, 'OVT'),
('T30J', 'OTT - Eletricidade', NULL, 'OTT'),
('T31C', 'OFT - Farmacêutico / Análise de Alimentos', NULL, 'OFT'),
('T31G', 'OVT - Veterinário / Guerra Química, Biológica e Nuclear', NULL, 'OVT'),
('T31J', 'OTT - Eletrônica Industrial', NULL, 'OTT'),
('T32J', 'OTT - Engenharia Aeronáutica', NULL, 'OTT'),
('T33J', 'OTT - Engenharia Cartográfica', NULL, 'OTT'),
('T34J', 'OTT - Engenharia Civil', NULL, 'OTT'),
('T35J', 'OTT - Engenharia de Alimentos', NULL, 'OTT'),
('T36A', 'OMT - Médico / Administração Hospitalar', NULL, 'OMT'),
('T36J', 'OTT - Engenharia de Materiais', NULL, 'OTT'),
('T37A', 'OMT - Médico / Alergia', NULL, 'OMT'),
('T37J', 'OTT - Engenharia de Minas', NULL, 'OTT'),
('T38A', 'OMT - Médico / Anestesiologia', NULL, 'OMT'),
('T38J', 'OTT - Engenharia Elétrica', NULL, 'OTT'),
('T39J', 'OTT - Engenharia Eletrônica', NULL, 'OTT'),
('T40A', 'OMT - Médico / Broncoesofalogia', NULL, 'OMT'),
('T40J', 'OTT - Engenharia Industrial', NULL, 'OTT'),
('T41A', 'OMT - Médico / Cancerologia', NULL, 'OMT'),
('T41J', 'OTT - Engenharia Mecânica', NULL, 'OTT'),
('T42A', 'OMT - Médico / Cardiologia', NULL, 'OMT'),
('T42J', 'OTT - Engenharia Mecânica e Aeronáutica', NULL, 'OTT'),
('T43A', 'OMT - Médico/ Cirurgia Vascular', NULL, 'OMT'),
('T43J', 'OTT - Engenharia Metalúrgica', NULL, 'OTT'),
('T44A', 'OMT - Médico / Cirurgia Cabeça e Pescoço', NULL, 'OMT'),
('T44J', 'OTT - Engenharia Química', NULL, 'OTT'),
('T45A', 'OMT - Médico / Cirurgia de Mão', NULL, 'OMT'),
('T45J', 'OTT - Estatística', NULL, 'OTT'),
('T46A', 'OMT - Médico / Cirurgia Geral', NULL, 'OMT'),
('T46J', 'OTT - Física', NULL, 'OTT'),
('T47A', 'OMT - Médico / Cirurgia Pediátrica', NULL, 'OMT'),
('T47J', 'OTT - Geografia', NULL, 'OTT'),
('T48J', 'OTT - Geologia', NULL, 'OTT'),
('T49A', 'OMT - Médico / Cirurgia Plástica', NULL, 'OMT'),
('T49J', 'OTT - Informática', NULL, 'OTT'),
('T50A', 'OMT - Médico / Cirurgia  Torácica', NULL, 'OMT'),
('T50J', 'OTT - Matemática', NULL, 'OTT'),
('T51A', 'OMT - Médico / Cirurgia  Vascular', NULL, 'OMT'),
('T51J', 'OTT - Processamento de Dados', NULL, 'OTT'),
('T52A', 'OMT - Médico / Citopatologia', NULL, 'OMT'),
('T52J', 'OTT - Química', NULL, 'OTT'),
('T53A', 'OMT - Médico / Eletroencefalografia', NULL, 'OMT'),
('T53J', 'OTT - Telecomunicações', NULL, 'OTT'),
('T54A', 'OMT - Médico / Endocrinologia / Metabologia', NULL, 'OMT'),
('T54J', 'OTT - Ciências Biológicas', NULL, 'OTT'),
('T55A', 'OMT - Médico / Endoscopia Digestiva', NULL, 'OMT'),
('T55J', 'OTT - Educação Física', NULL, 'OTT'),
('T56A', 'OMT - Médico / Fisiatria', NULL, 'OMT'),
('T56J', 'OTT - Enfermagem e Obstetrícia', NULL, 'OTT'),
('T57A', 'OMT - Médico / Foniatria', NULL, 'OMT'),
('T57J', 'OTT - Fisioterapia', NULL, 'OTT'),
('T58A', 'OMT - Médico / Gastroenterologia', NULL, 'OMT'),
('T58J', 'OTT - Fonoaudióloga', NULL, 'OTT'),
('T59A', 'OMT - Médico / Genética Clínica', NULL, 'OMT'),
('T59J', 'OTT - Nutrição', NULL, 'OTT'),
('T60A', 'OMT - Médico / Geriatria e Gerontologia', NULL, 'OMT'),
('T60J', 'OTT - Terapia Ocupacional', NULL, 'OTT'),
('T61A', 'OMT - Médico / Ginecologia', NULL, 'OMT'),
('T61J', 'OTT - Agronomia', NULL, 'OTT'),
('T62A', 'OMT - Médico / Hansenologia', NULL, 'OMT'),
('T62J', 'OTT - Engenharia Agrícola', NULL, 'OTT'),
('T63A', 'OMT - Médico / Hematologia', NULL, 'OMT'),
('T63J', 'OTT - Zootecnia', NULL, 'OTT'),
('T64A', 'OMT - Médico / Hemoterapia', NULL, 'OMT'),
('T64J', 'OTT - Administração', NULL, 'OTT'),
('T65A', 'OMT - Médico / Homeopatia', NULL, 'OMT'),
('T65J', 'OTT - Biblioteconomia', NULL, 'OTT'),
('T66A', 'OMT - Médico / Infectologia', NULL, 'OMT'),
('T66J', 'OTT - Ciclo Básico - Adm - Eco - Cont', NULL, 'OTT'),
('T67A', 'OMT - Médico / Medicina Desportiva', NULL, 'OMT'),
('T67J', 'OTT - Ciências Contábeis', NULL, 'OTT'),
('T68A', 'OMT - Médico / Medicina Interna', NULL, 'OMT'),
('T68J', 'OTT - Ciências Econômicas', NULL, 'OTT'),
('T69A', 'OMT - Médico / Medicina Legal', NULL, 'OMT'),
('T69J', 'OTT - Comunicação Social', NULL, 'OTT'),
('T70A', 'OMT - Médico / Medicina Nuclear', NULL, 'OMT'),
('T70J', 'OTT - Direito', NULL, 'OTT'),
('T71A', 'OMT - Médico / Medicina Sanitária', NULL, 'OMT'),
('T71J', 'OTT - História', NULL, 'OTT'),
('T72A', 'OMT - Médico / Medicina do Trabalho', NULL, 'OMT'),
('T72J', 'OTT - Museologia', NULL, 'OTT'),
('T73A', 'OMT - Médico / Nefrologia', NULL, 'OMT'),
('T73J', 'OTT - Pedagogia', NULL, 'OTT'),
('T74A', 'OMT - Médico / Neurocirurgia', NULL, 'OMT'),
('T74J', 'OTT - Psicologia', NULL, 'OTT'),
('T75A', 'OMT - Médico / Neurofisiologia', NULL, 'OMT'),
('T75J', 'OTT - Serviço Social (Assistência Social)', NULL, 'OTT'),
('T76A', 'OMT - Médico / Neurologia', NULL, 'OMT'),
('T76J', 'OTT - Letras (Ling. Port./Literat.)', NULL, 'OTT'),
('T77A', 'OMT - Médico / Neurologia Pediátrica', NULL, 'OMT'),
('T77J', 'OTT - Letras (Ling. Ingl./Literat.)', NULL, 'OTT'),
('T78A', 'OMT - Médico / Nutrição', NULL, 'OMT'),
('T78J', 'OTT - Desenho', NULL, 'OTT'),
('T79A', 'OMT - Médico / Nutrologia', NULL, 'OMT'),
('T79J', 'OTT - Sensoriamento Remoto', NULL, 'OTT'),
('T80A', 'OMT - Médico / Obstetrícia', NULL, 'OMT'),
('T81A', 'OMT - Médico / Oftalmologia', NULL, 'OMT'),
('T82A', 'OMT - Médico / Ortopedia e Traumatologia', NULL, 'OMT'),
('T83A', 'OMT - Médico / Otorrinolaringologia', NULL, 'OMT'),
('T84A', 'OMT - Médico / Patologia', NULL, 'OMT'),
('T85A', 'OMT - Médico / Patologia Clínica', NULL, 'OMT'),
('T86A', 'OMT - Médico / Pediatria', NULL, 'OMT'),
('T87A', 'OMT - Médico / Pneumologia', NULL, 'OMT'),
('T88A', 'OMT - Médico / Proctologia', NULL, 'OMT'),
('T89A', 'OMT - Médico / Psiquiatria', NULL, 'OMT'),
('T90A', 'OMT - Médico / Radilogia', NULL, 'OMT'),
('T91A', 'OMT - Médico / Radioterapia', NULL, 'OMT'),
('T92A', 'OMT - Médico / Reumatologia', NULL, 'OMT'),
('T93A', 'OMT - Médico / Sexologia', NULL, 'OMT'),
('T94A', 'OMT - Médico / Tisiologia', NULL, 'OMT'),
('T95A', 'OMT - Médico / Urologia', NULL, 'OMT'),
('T96A', 'OMT - Médico / Hemodinâmica', NULL, 'OMT'),
('T97A', 'OMT - Médico / Medicina Intensiva', NULL, 'OMT'),
('T98A', 'OMT - Médico / Mastologia', NULL, 'OMT'),
('T99A', 'OMT - Médico / Tomografia Computadorizada', NULL, 'OMT');

CREATE TABLE `secao_parte_bi` (
  `numero_secao` int(10) unsigned NOT NULL,
  `numero_parte` int(10) unsigned NOT NULL,
  `descricao` varchar(40) default NULL,
  `data_atualiz` timestamp NULL default NULL,
  PRIMARY KEY  (`numero_secao`,`numero_parte`),
  KEY `numero_parte` (`numero_parte`)
) ENGINE=InnoDB DEFAULT CHARSET=latin1;

INSERT INTO `secao_parte_bi` (`numero_secao`, `numero_parte`, `descricao`, `data_atualiz`) VALUES 
(1, 1, 'SERVIÇOS DIÁRIOS', '2007-05-28 12:53:04'),
(1, 2, 'INSTRUÇÃO', '2009-01-08 10:56:47'),
(1, 3, 'ASSUNTOS GERAIS', NULL),
(1, 4, 'JUSTIÇA', '2007-05-24 17:09:50'),
(2, 3, 'ASSUNTOS ADMINISTRATIVOS', NULL),
(2, 4, 'DISCIPLINA', NULL);

CREATE TABLE `subunidade` (
  `codom` varchar(10) NOT NULL,
  `cod` int(10) unsigned NOT NULL,
  `descricao` varchar(50) NOT NULL,
  `sigla` varchar(25) default NULL,
  `data_atualiz` timestamp NULL default NULL,
  PRIMARY KEY  (`codom`,`cod`)
) ENGINE=InnoDB DEFAULT CHARSET=latin1;

INSERT INTO `subunidade` (`codom`, `cod`, `descricao`, `sigla`, `data_atualiz`) VALUES 
('999999', 99, 'Indefinida', 'Indef', '2010-02-04 17:39:12');

CREATE TABLE `tipo_bol` (
  `cod` int(10) unsigned NOT NULL auto_increment,
  `descricao` varchar(40) NOT NULL,
  `nr_ult_pag` int(10) unsigned default NULL,
  `nr_ult_bi` int(10) unsigned default NULL,
  `data_atualiz` timestamp NULL default NULL,
  `abreviatura` varchar(20) default NULL,
  `ini_num_pag` char(1) default NULL,
  `e_aditamento` char(1) default NULL,
  `imp_bordas` char(1) NOT NULL default 'N',
  `titulo2` blob,
  PRIMARY KEY  (`cod`)
) ENGINE=InnoDB DEFAULT CHARSET=latin1 AUTO_INCREMENT=3 ;

INSERT INTO `tipo_bol` (`cod`, `descricao`, `nr_ult_pag`, `nr_ult_bi`, `data_atualiz`, `abreviatura`, `ini_num_pag`, `e_aditamento`, `imp_bordas`, `titulo2`) VALUES 
(1, 'BOLETIM INTERNO', 0, 0, '2008-01-23 15:29:55', 'BI', 'N', 'N', 'N', 0x5061726120636f6e686563696d656e746f20646573746520617175617274656c616d656e746f206520646576696461206578656375e7e36f2c207075626c69636f206f2073656775696e74653a),
(2, 'BOLETIM INTERNO RESERVADO', 0, 0, '2008-02-12 10:49:19', 'BIR', 'N', 'N', 'N', 0x5061726120636f6e686563696d656e746f20646573746520617175617274656c616d656e746f206520646576696461206578656375e7e36f2c207075626c69636f206f2073656775696e74653a);

CREATE TABLE `tipo_doc` (
  `codigo_tipo` int(11) NOT NULL auto_increment,
  `descricao` varchar(40) default NULL,
  `data_atualiz` timestamp NULL default NULL,
  PRIMARY KEY  (`codigo_tipo`)
) ENGINE=InnoDB DEFAULT CHARSET=latin1 AUTO_INCREMENT=2 ;

INSERT INTO `tipo_doc` (`codigo_tipo`, `descricao`, `data_atualiz`) VALUES 
(1, 'Sem referencia', '2010-02-04 17:39:15');

CREATE TABLE `tp_sv_per` (
  `data_in` date NOT NULL,
  `id_militar_alt` varchar(12) NOT NULL,
  `id_militar_assina` varchar(12) NOT NULL,
  `data_fim` date NOT NULL,
  `tp_com_efe_sv_aa` int(10) unsigned default NULL,
  `tp_com_efe_sv_mm` int(10) unsigned default NULL,
  `tp_com_efe_sv_dd` int(10) unsigned default NULL,
  `tp_nao_com_aa` int(10) unsigned default NULL,
  `tp_nao_com_mm` int(10) unsigned default NULL,
  `tp_nao_com_dd` int(10) unsigned default NULL,
  `tp_nao_com_texto` longblob,
  `tp_med_mil_aa` int(10) unsigned default NULL,
  `tp_med_mil_mm` int(10) unsigned default NULL,
  `tp_med_mil_dd` int(10) unsigned default NULL,
  `tp_med_mil_texto` longblob,
  `tp_ser_rel_aa` int(10) unsigned default NULL,
  `tp_ser_rel_mm` int(10) unsigned default NULL,
  `tp_ser_rel_dd` int(10) unsigned default NULL,
  `tp_ser_rel_texto` longblob,
  `tp_tot_efe_ser_aa` int(10) unsigned default NULL,
  `tp_tot_efe_ser_mm` int(10) unsigned default NULL,
  `tp_tot_efe_ser_dd` int(10) unsigned default NULL,
  `tp_tot_efe_ser_texto` longblob,
  `tp_arr_aa` int(10) unsigned default NULL,
  `tp_arr_mm` int(10) unsigned default NULL,
  `tp_arr_dd` int(10) unsigned default NULL,
  `tp_arr_texto` longblob,
  `tp_n_arr_aa` int(10) unsigned default NULL,
  `tp_n_arr_mm` int(10) unsigned default NULL,
  `tp_n_arr_dd` int(10) unsigned default NULL,
  `tp_n_arr_texto` longblob,
  `data_atualiz` timestamp NULL default NULL,
  `assinado` varchar(1) default NULL,
  PRIMARY KEY  (`data_in`,`id_militar_alt`),
  KEY `id_militar_alt` (`id_militar_alt`),
  KEY `id_militar_assina` (`id_militar_assina`)
) ENGINE=InnoDB DEFAULT CHARSET=latin1;

CREATE TABLE `usuariofuncao` (
  `login` varchar(10) NOT NULL,
  `codigofuncao` int(10) unsigned NOT NULL,
  `data_atualiz` timestamp NULL default NULL,
  PRIMARY KEY  (`login`,`codigofuncao`),
  KEY `codigofuncao` (`codigofuncao`)
) ENGINE=InnoDB DEFAULT CHARSET=latin1;

INSERT INTO `usuariofuncao` (`login`, `codigofuncao`, `data_atualiz`) VALUES 
('CMT', 1004, NULL),
('CMT', 1014, NULL),
('CMT', 1024, NULL),
('CMT', 1034, NULL),
('CMT', 1044, NULL),
('CMT', 1054, NULL),
('CMT', 1064, NULL),
('CMT', 1084, NULL),
('CMT', 1094, NULL),
('CMT', 1114, NULL),
('CMT', 1124, NULL),
('CMT', 1131, NULL),
('CMT', 1135, NULL),
('CMT', 1164, NULL),
('CMT', 1184, NULL),
('CMT', 2004, NULL),
('CMT', 3004, NULL),
('CMT', 3011, NULL),
('CMT', 3021, NULL),
('CMT', 3022, NULL),
('CMT', 3032, NULL),
('OP ALTERAC', 1121, NULL),
('OP ALTERAC', 1122, NULL),
('OP ALTERAC', 1123, NULL),
('OP ALTERAC', 1124, NULL),
('OP ALTERAC', 1133, NULL),
('OP ALTERAC', 1134, NULL),
('OP BI RES', 1004, NULL),
('OP BI RES', 1014, NULL),
('OP BI RES', 1024, NULL),
('OP BI RES', 1034, NULL),
('OP BI RES', 1044, NULL),
('OP BI RES', 1054, NULL),
('OP BI RES', 1064, NULL),
('OP BI RES', 1071, NULL),
('OP BI RES', 1072, NULL),
('OP BI RES', 1073, NULL),
('OP BI RES', 1074, NULL),
('OP BI RES', 1084, NULL),
('OP BI RES', 1094, NULL),
('OP BI RES', 1101, NULL),
('OP BI RES', 1102, NULL),
('OP BI RES', 1103, NULL),
('OP BI RES', 1104, NULL),
('OP BI RES', 1111, NULL),
('OP BI RES', 1112, NULL),
('OP BI RES', 1113, NULL),
('OP BI RES', 1114, NULL),
('OP BI RES', 1133, NULL),
('OP BI RES', 2001, NULL),
('OP BI RES', 2002, NULL),
('OP BI RES', 2003, NULL),
('OP BI RES', 2004, NULL),
('OP BI RES', 2011, NULL),
('OP BI RES', 2012, NULL),
('OP BI RES', 2021, NULL),
('OP BI RES', 2022, NULL),
('OP BI RES', 3001, NULL),
('OP BI RES', 3002, NULL),
('OP BI RES', 3003, NULL),
('OP BI RES', 3004, NULL),
('OP BI RES', 3031, NULL),
('OP BI RES', 3032, NULL),
('OP BOLETIM', 1001, NULL),
('OP BOLETIM', 1002, NULL),
('OP BOLETIM', 1003, NULL),
('OP BOLETIM', 1004, NULL),
('OP BOLETIM', 1011, NULL),
('OP BOLETIM', 1012, NULL),
('OP BOLETIM', 1013, NULL),
('OP BOLETIM', 1014, NULL),
('OP BOLETIM', 1021, NULL),
('OP BOLETIM', 1022, NULL),
('OP BOLETIM', 1023, NULL),
('OP BOLETIM', 1024, NULL),
('OP BOLETIM', 1031, NULL),
('OP BOLETIM', 1032, NULL),
('OP BOLETIM', 1033, NULL),
('OP BOLETIM', 1034, NULL),
('OP BOLETIM', 1041, NULL),
('OP BOLETIM', 1042, NULL),
('OP BOLETIM', 1043, NULL),
('OP BOLETIM', 1044, NULL),
('OP BOLETIM', 1054, NULL),
('OP BOLETIM', 1061, NULL),
('OP BOLETIM', 1062, NULL),
('OP BOLETIM', 1063, NULL),
('OP BOLETIM', 1064, NULL),
('OP BOLETIM', 1071, NULL),
('OP BOLETIM', 1072, NULL),
('OP BOLETIM', 1073, NULL),
('OP BOLETIM', 1074, NULL),
('OP BOLETIM', 1081, NULL),
('OP BOLETIM', 1082, NULL),
('OP BOLETIM', 1083, NULL),
('OP BOLETIM', 1084, NULL),
('OP BOLETIM', 1091, NULL),
('OP BOLETIM', 1092, NULL),
('OP BOLETIM', 1093, NULL),
('OP BOLETIM', 1094, NULL),
('OP BOLETIM', 1101, NULL),
('OP BOLETIM', 1102, NULL),
('OP BOLETIM', 1103, NULL),
('OP BOLETIM', 1104, NULL),
('OP BOLETIM', 1111, NULL),
('OP BOLETIM', 1112, NULL),
('OP BOLETIM', 1113, NULL),
('OP BOLETIM', 1114, NULL),
('OP BOLETIM', 1141, NULL),
('OP BOLETIM', 1194, NULL),
('OP BOLETIM', 2001, NULL),
('OP BOLETIM', 2002, NULL),
('OP BOLETIM', 2003, NULL),
('OP BOLETIM', 2004, NULL),
('OP BOLETIM', 2011, NULL),
('OP BOLETIM', 2012, NULL),
('OP BOLETIM', 2021, NULL),
('OP BOLETIM', 2022, NULL),
('OP BOLETIM', 3001, NULL),
('OP BOLETIM', 3002, NULL),
('OP BOLETIM', 3003, NULL),
('OP BOLETIM', 3004, NULL),
('OP BOLETIM', 3031, NULL),
('OP BOLETIM', 3032, NULL),
('S1', 1024, NULL),
('S1', 1034, NULL),
('S1', 1044, NULL),
('S1', 1054, NULL),
('S1', 1064, NULL),
('S1', 1074, NULL),
('S1', 1084, NULL),
('S1', 1094, NULL),
('S1', 1114, NULL),
('S1', 1124, NULL),
('S1', 1131, NULL),
('S1', 1133, NULL),
('S1', 1134, NULL),
('S1', 1135, NULL),
('S1', 1141, NULL),
('S1', 1142, NULL),
('S1', 1143, NULL),
('S1', 1151, NULL),
('S1', 1152, NULL),
('S1', 1153, NULL),
('S1', 1154, NULL),
('S1', 1161, NULL),
('S1', 1163, NULL),
('S1', 1164, NULL),
('S1', 1181, NULL),
('S1', 1183, NULL),
('S1', 1184, NULL),
('S1', 1194, NULL),
('S1', 2004, NULL),
('S1', 2011, NULL),
('S1', 2012, NULL),
('S1', 3004, NULL),
('S1', 3011, NULL),
('S1', 3031, NULL),
('S1', 3032, NULL),
('S2', 1014, NULL),
('S2', 1034, NULL),
('S2', 1044, NULL),
('S2', 1054, NULL),
('S2', 1064, NULL),
('S2', 1084, NULL),
('S2', 1094, NULL),
('S2', 1104, NULL),
('S2', 1114, NULL),
('S2', 1124, NULL),
('S2', 1154, NULL),
('S2', 2001, NULL),
('S2', 2002, NULL),
('S2', 2003, NULL),
('S2', 2004, NULL),
('S2', 2011, NULL),
('S2', 2012, NULL),
('S2', 2021, NULL),
('S2', 2022, NULL),
('S2', 3001, NULL),
('S2', 3002, NULL),
('S2', 3003, NULL),
('S2', 3004, NULL),
('S2', 3011, NULL),
('S2', 3031, NULL),
('S2', 3032, NULL),
('SUBCMT', 1004, NULL),
('SUBCMT', 1014, NULL),
('SUBCMT', 1024, NULL),
('SUBCMT', 1044, NULL),
('SUBCMT', 1064, NULL),
('SUBCMT', 1074, NULL),
('SUBCMT', 1084, NULL),
('SUBCMT', 1104, NULL),
('SUBCMT', 1114, NULL),
('SUBCMT', 1124, NULL),
('SUBCMT', 1131, NULL),
('SUBCMT', 1135, NULL),
('SUBCMT', 1164, NULL),
('SUBCMT', 1184, NULL),
('SUBCMT', 3004, NULL),
('SUBCMT', 3011, NULL),
('SUBCMT', 3021, NULL),
('SUBCMT', 3022, NULL),
('SUBCMT', 3032, NULL);

CREATE TABLE `usuariofuncaotipobol` (
  `codigofuncao` int(10) unsigned NOT NULL,
  `login` varchar(15) NOT NULL,
  `cod_tipo_bol` int(10) unsigned NOT NULL,
  PRIMARY KEY  (`codigofuncao`,`login`,`cod_tipo_bol`),
  KEY `login` (`login`,`codigofuncao`),
  KEY `cod_tipo_bol` (`cod_tipo_bol`)
) ENGINE=InnoDB DEFAULT CHARSET=latin1;

INSERT INTO `usuariofuncaotipobol` (`codigofuncao`, `login`, `cod_tipo_bol`) VALUES 
(2001, 'OP BOLETIM', 1),
(2002, 'OP BOLETIM', 1),
(2003, 'OP BOLETIM', 1),
(2004, 'OP BOLETIM', 1),
(2011, 'OP BOLETIM', 1),
(2011, 'S1', 1),
(2012, 'OP BOLETIM', 1),
(2012, 'S1', 1),
(2021, 'OP BOLETIM', 1),
(2022, 'OP BOLETIM', 1),
(3001, 'OP BOLETIM', 1),
(3002, 'OP BOLETIM', 1),
(3003, 'OP BOLETIM', 1),
(3004, 'CMT', 1),
(3004, 'OP BOLETIM', 1),
(3004, 'S1', 1),
(3004, 'SUBCMT', 1),
(3011, 'CMT', 1),
(3011, 'S1', 1),
(3011, 'SUBCMT', 1),
(3021, 'CMT', 1),
(3021, 'SUBCMT', 1),
(3022, 'CMT', 1),
(3022, 'SUBCMT', 1),
(3031, 'S1', 1),
(3032, 'CMT', 1),
(3032, 'OP BOLETIM', 1),
(3032, 'S1', 1),
(3032, 'SUBCMT', 1),
(2001, 'OP BI RES', 2),
(2001, 'S2', 2),
(2002, 'OP BI RES', 2),
(2002, 'S2', 2),
(2003, 'OP BI RES', 2),
(2003, 'S2', 2),
(2004, 'OP BI RES', 2),
(2004, 'S2', 2),
(2011, 'OP BI RES', 2),
(2011, 'S2', 2),
(2012, 'OP BI RES', 2),
(2012, 'S2', 2),
(2021, 'OP BI RES', 2),
(2021, 'S2', 2),
(2022, 'OP BI RES', 2),
(2022, 'S2', 2),
(3001, 'OP BI RES', 2),
(3001, 'S2', 2),
(3002, 'OP BI RES', 2),
(3002, 'S2', 2),
(3003, 'OP BI RES', 2),
(3003, 'S2', 2),
(3004, 'CMT', 2),
(3004, 'OP BI RES', 2),
(3004, 'S2', 2),
(3004, 'SUBCMT', 2),
(3011, 'CMT', 2),
(3011, 'S2', 2),
(3011, 'SUBCMT', 2),
(3021, 'CMT', 2),
(3021, 'SUBCMT', 2),
(3022, 'CMT', 2),
(3022, 'SUBCMT', 2),
(3031, 'S2', 2),
(3032, 'CMT', 2),
(3032, 'OP BI RES', 2),
(3032, 'S2', 2),
(3032, 'SUBCMT', 2);

CREATE TABLE `usuarios` (
  `login` varchar(15) NOT NULL,
  `senha` varchar(20) NOT NULL,
  `codom` varchar(10) default NULL,
  `cod_subun` int(11) default NULL,
  `todas_omvinc` char(1) default NULL,
  `todas_subun` char(1) default NULL,
  `todas_omvinc2` char(1) default NULL,
  `todas_subun2` char(1) default NULL,
  `modifica_modelo` char(1) default NULL,
  `dt_expira` datetime NOT NULL,
  `data_atualiz` datetime default NULL,
  PRIMARY KEY  (`login`)
) ENGINE=InnoDB DEFAULT CHARSET=latin1;

INSERT INTO `usuarios` (`login`, `senha`, `codom`, `cod_subun`, `todas_omvinc`, `todas_subun`, `todas_omvinc2`, `todas_subun2`, `modifica_modelo`, `dt_expira`, `data_atualiz`) VALUES 
('CMT', '123', '999999', 99, 'N', 'N', 'N', 'N', 'N', '2008-12-31 00:00:00', '2010-02-04 17:39:13'),
('OP ALTERAC', '123', '999999', 99, 'N', 'N', 'N', 'N', 'N', '2008-12-31 00:00:00', '2010-02-04 17:39:13'),
('OP BI RES', '123', '999999', 99, 'N', 'N', 'N', 'N', 'N', '2008-12-31 00:00:00', '2010-02-04 17:39:13'),
('OP BOLETIM', '123', '999999', 99, 'N', 'N', 'N', 'N', 'N', '2008-12-31 00:00:00', '2010-02-04 17:39:13'),
('S1', '123', '999999', 99, 'N', 'N', 'N', 'N', 'N', '2008-12-31 00:00:00', '2010-02-04 17:39:13'),
('S2', '123', '999999', 99, 'N', 'N', 'N', 'N', 'N', '2008-12-31 00:00:00', '2010-02-04 17:39:13'),
('SUBCMT', '123', '999999', 99, 'N', 'N', 'N', 'N', 'N', '2008-12-31 00:00:00', '2010-02-04 17:39:13');

ALTER TABLE `assina_confere_bi`
  ADD CONSTRAINT `assina_confere_bi_ibfk_1` FOREIGN KEY (`funcao_assina`) REFERENCES `funcao` (`cod`) ON DELETE NO ACTION ON UPDATE NO ACTION,
  ADD CONSTRAINT `assina_confere_bi_ibfk_2` FOREIGN KEY (`funcao_confere`) REFERENCES `funcao` (`cod`) ON DELETE NO ACTION ON UPDATE NO ACTION,
  ADD CONSTRAINT `assina_confere_bi_ibfk_3` FOREIGN KEY (`militar_assina`) REFERENCES `militar` (`id_militar`) ON DELETE NO ACTION ON UPDATE NO ACTION,
  ADD CONSTRAINT `assina_confere_bi_ibfk_4` FOREIGN KEY (`militar_confere`) REFERENCES `militar` (`id_militar`) ON DELETE NO ACTION ON UPDATE NO ACTION,
  ADD CONSTRAINT `assina_confere_bi_ibfk_5` FOREIGN KEY (`pgrad_assina`) REFERENCES `pgrad` (`cod`) ON DELETE NO ACTION ON UPDATE NO ACTION,
  ADD CONSTRAINT `assina_confere_bi_ibfk_6` FOREIGN KEY (`pgrad_confere`) REFERENCES `pgrad` (`cod`) ON DELETE NO ACTION ON UPDATE NO ACTION;

ALTER TABLE `assunto_espec`
  ADD CONSTRAINT `assunto_espec_ibfk_1` FOREIGN KEY (`cod_assunto_ger`) REFERENCES `assunto_geral` (`cod_assunto`) ON DELETE NO ACTION ON UPDATE NO ACTION;

ALTER TABLE `assunto_geral`
  ADD CONSTRAINT `assunto_geral_ibfk_1` FOREIGN KEY (`numero_secao`, `numero_parte`) REFERENCES `secao_parte_bi` (`numero_secao`, `numero_parte`) ON DELETE NO ACTION ON UPDATE NO ACTION;

ALTER TABLE `boletim`
  ADD CONSTRAINT `boletim_ibfk_1` FOREIGN KEY (`tipo_bol_cod`) REFERENCES `tipo_bol` (`cod`) ON DELETE NO ACTION ON UPDATE NO ACTION,
  ADD CONSTRAINT `boletim_ibfk_2` FOREIGN KEY (`assina_confere_bi`) REFERENCES `assina_confere_bi` (`codigo`) ON DELETE NO ACTION ON UPDATE NO ACTION;

ALTER TABLE `civil`
  ADD CONSTRAINT `civil_ibfk_1` FOREIGN KEY (`id_militar`) REFERENCES `pessoa` (`id_militar`) ON DELETE NO ACTION ON UPDATE NO ACTION;

ALTER TABLE `materia_bi`
  ADD CONSTRAINT `materia_bi_ibfk_1` FOREIGN KEY (`cod_tipo_doc`) REFERENCES `tipo_doc` (`codigo_tipo`) ON DELETE NO ACTION ON UPDATE NO ACTION,
  ADD CONSTRAINT `materia_bi_ibfk_2` FOREIGN KEY (`cod_assunto_esp`, `cod_assunto_ger`) REFERENCES `assunto_espec` (`cod`, `cod_assunto_ger`) ON DELETE NO ACTION ON UPDATE NO ACTION,
  ADD CONSTRAINT `materia_bi_ibfk_3` FOREIGN KEY (`tipo_bol_cod`) REFERENCES `tipo_bol` (`cod`) ON DELETE NO ACTION ON UPDATE NO ACTION,
  ADD CONSTRAINT `materia_bi_ibfk_4` FOREIGN KEY (`cod_boletim`) REFERENCES `boletim` (`cod`) ON DELETE NO ACTION ON UPDATE NO ACTION;

ALTER TABLE `militar`
  ADD CONSTRAINT `militar_ibfk_1` FOREIGN KEY (`pgrad_cod`) REFERENCES `pgrad` (`cod`) ON DELETE NO ACTION ON UPDATE NO ACTION,
  ADD CONSTRAINT `militar_ibfk_2` FOREIGN KEY (`qm_cod`) REFERENCES `qm` (`cod`) ON DELETE NO ACTION ON UPDATE NO ACTION,
  ADD CONSTRAINT `militar_ibfk_3` FOREIGN KEY (`id_militar`) REFERENCES `pessoa` (`id_militar`) ON DELETE NO ACTION ON UPDATE NO ACTION;

ALTER TABLE `pessoa`
  ADD CONSTRAINT `pessoa_ibfk_1` FOREIGN KEY (`funcao_cod`) REFERENCES `funcao` (`cod`) ON DELETE NO ACTION ON UPDATE NO ACTION;

ALTER TABLE `pessoa_materia_bi`
  ADD CONSTRAINT `pessoa_materia_bi_ibfk_1` FOREIGN KEY (`cod_materia_bi`) REFERENCES `materia_bi` (`cod_materia_bi`) ON DELETE NO ACTION ON UPDATE NO ACTION,
  ADD CONSTRAINT `pessoa_materia_bi_ibfk_2` FOREIGN KEY (`id_militar`) REFERENCES `pessoa` (`id_militar`) ON DELETE NO ACTION ON UPDATE NO ACTION;

ALTER TABLE `secao_parte_bi`
  ADD CONSTRAINT `secao_parte_bi_ibfk_1` FOREIGN KEY (`numero_parte`) REFERENCES `parte_boletim` (`numero_parte`) ON DELETE NO ACTION ON UPDATE NO ACTION;

ALTER TABLE `subunidade`
  ADD CONSTRAINT `subunidade_ibfk_1` FOREIGN KEY (`codom`) REFERENCES `om_vinc` (`codom`) ON DELETE NO ACTION ON UPDATE NO ACTION;

ALTER TABLE `tp_sv_per`
  ADD CONSTRAINT `tp_sv_per_ibfk_1` FOREIGN KEY (`id_militar_alt`) REFERENCES `pessoa` (`id_militar`) ON DELETE NO ACTION ON UPDATE NO ACTION,
  ADD CONSTRAINT `tp_sv_per_ibfk_2` FOREIGN KEY (`id_militar_assina`) REFERENCES `militar` (`id_militar`) ON DELETE NO ACTION ON UPDATE NO ACTION;

ALTER TABLE `usuariofuncao`
  ADD CONSTRAINT `usuariofuncao_ibfk_1` FOREIGN KEY (`login`) REFERENCES `usuarios` (`login`) ON DELETE NO ACTION ON UPDATE NO ACTION,
  ADD CONSTRAINT `usuariofuncao_ibfk_2` FOREIGN KEY (`codigofuncao`) REFERENCES `funcoesdosistema` (`codigofuncao`) ON DELETE NO ACTION ON UPDATE NO ACTION;

ALTER TABLE `usuariofuncaotipobol`
  ADD CONSTRAINT `usuariofuncaotipobol_ibfk_1` FOREIGN KEY (`login`, `codigofuncao`) REFERENCES `usuariofuncao` (`login`, `codigofuncao`) ON DELETE NO ACTION ON UPDATE NO ACTION,
  ADD CONSTRAINT `usuariofuncaotipobol_ibfk_2` FOREIGN KEY (`cod_tipo_bol`) REFERENCES `tipo_bol` (`cod`) ON DELETE NO ACTION ON UPDATE NO ACTION;